timestamp,open,high,low,close,volume
2024-01-01 00:00:00,74.88,75.41,74.54,74.66,39460
2024-01-01 01:00:00,72.17,72.19,72.08,72.15,35389
2024-01-01 02:00:00,73.24,73.36,72.87,73.01,46252
2024-01-01 03:00:00,74.04,74.44,73.89,74.23,43620
2024-01-01 04:00:00,75.66,75.69,75.19,75.24,49080
2024-01-01 05:00:00,77.65,77.73,77.45,77.66,20916
2024-01-01 06:00:00,77.33,77.67,76.89,77.6,44450
2024-01-01 07:00:00,78.51,78.64,78.32,78.39,34318
2024-01-01 08:00:00,79.47,79.94,79.45,79.89,37873
2024-01-01 09:00:00,78.03,78.21,77.88,77.89,19668
2024-01-01 10:00:00,77.03,77.21,76.84,76.84,26623
2024-01-01 11:00:00,77.97,77.98,76.92,77.45,38217
2024-01-01 12:00:00,75.47,75.83,75.26,75.7,36264
2024-01-01 13:00:00,74.29,74.43,74.03,74.04,17227
2024-01-01 14:00:00,73.96,74.87,73.64,74.61,34606
2024-01-01 15:00:00,77.94,78.07,77.27,78.02,36302
2024-01-01 16:00:00,81.0,81.27,80.72,81.01,26209
2024-01-01 17:00:00,79.39,79.68,79.1,79.49,36852
2024-01-01 18:00:00,79.63,79.89,79.44,79.51,44642
2024-01-01 19:00:00,77.33,77.68,76.93,77.62,40793
2024-01-01 20:00:00,80.49,80.6,80.23,80.34,29384
2024-01-01 21:00:00,80.43,81.35,80.39,80.51,30211
2024-01-01 22:00:00,81.18,81.32,80.85,81.29,17287
2024-01-01 23:00:00,81.63,81.81,81.3,81.72,48546
2024-01-02 00:00:00,81.92,82.26,81.39,81.85,48401
2024-01-02 01:00:00,80.81,80.93,80.47,80.51,24531
2024-01-02 02:00:00,81.83,81.87,81.56,81.57,30004
2024-01-02 03:00:00,79.34,79.74,79.29,79.47,43421
2024-01-02 04:00:00,78.14,78.4,78.05,78.39,36550
2024-01-02 05:00:00,82.31,82.89,82.2,82.2,10303
2024-01-02 06:00:00,82.57,82.59,81.53,81.67,47603
2024-01-02 07:00:00,84.64,84.73,83.56,83.68,26300
2024-01-02 08:00:00,85.85,86.04,85.69,85.76,25542
2024-01-02 09:00:00,86.39,86.53,86.14,86.3,44870
2024-01-02 10:00:00,86.93,87.07,86.41,86.82,13741
2024-01-02 11:00:00,85.91,86.24,85.76,86.13,47032
2024-01-02 12:00:00,85.33,85.92,84.86,85.15,33182
2024-01-02 13:00:00,88.65,88.75,88.4,88.68,20058
2024-01-02 14:00:00,87.7,87.87,87.66,87.69,19506
2024-01-02 15:00:00,88.09,88.9,87.96,88.31,29964
2024-01-02 16:00:00,84.96,85.18,84.65,85.05,36205
2024-01-02 17:00:00,87.94,88.33,87.13,88.1,48477
2024-01-02 18:00:00,87.16,87.42,86.53,87.36,10449
2024-01-02 19:00:00,86.61,86.94,85.87,85.89,35494
2024-01-02 20:00:00,85.6,86.14,85.02,85.73,14811
2024-01-02 21:00:00,87.24,87.3,86.69,87.25,45139
2024-01-02 22:00:00,85.21,85.37,84.48,84.76,18070
2024-01-02 23:00:00,85.09,85.72,85.0,85.1,17571
2024-01-03 00:00:00,84.9,85.14,84.56,84.65,43977
2024-01-03 01:00:00,84.13,84.19,83.18,84.13,44272
2024-01-03 02:00:00,81.84,81.91,81.34,81.8,35827
2024-01-03 03:00:00,84.22,84.66,83.62,84.65,25141
2024-01-03 04:00:00,84.99,85.66,84.68,84.82,41861
2024-01-03 05:00:00,85.98,86.15,85.91,86.03,12946
2024-01-03 06:00:00,86.36,87.06,86.22,86.54,31834
2024-01-03 07:00:00,88.83,89.47,88.54,89.27,44440
2024-01-03 08:00:00,90.57,90.7,90.21,90.23,20214
2024-01-03 09:00:00,92.12,92.14,92.05,92.1,28874
2024-01-03 10:00:00,93.31,93.41,92.48,92.55,23203
2024-01-03 11:00:00,94.17,94.35,93.61,93.93,31899
2024-01-03 12:00:00,91.69,91.82,91.4,91.52,16931
2024-01-03 13:00:00,89.49,89.85,89.17,89.38,21904
2024-01-03 14:00:00,93.09,93.32,92.54,92.74,16560
2024-01-03 15:00:00,91.13,91.15,90.56,91.12,43461
2024-01-03 16:00:00,88.8,88.95,88.35,88.47,45646
2024-01-03 17:00:00,88.37,88.78,88.05,88.05,30126
2024-01-03 18:00:00,88.0,88.77,87.4,88.18,35170
2024-01-03 19:00:00,89.71,90.09,89.66,89.99,23613
2024-01-03 20:00:00,88.32,88.98,88.3,88.46,23128
2024-01-03 21:00:00,87.56,88.32,87.53,88.12,40477
2024-01-03 22:00:00,85.84,86.14,85.72,85.76,29592
2024-01-03 23:00:00,83.7,83.8,82.91,83.05,45517
2024-01-04 00:00:00,83.07,83.23,82.14,82.2,25689
2024-01-04 01:00:00,85.32,85.35,84.72,85.29,17358
2024-01-04 02:00:00,84.98,85.54,84.74,85.11,22951
2024-01-04 03:00:00,86.64,86.82,86.57,86.73,10789
2024-01-04 04:00:00,90.0,90.1,89.5,89.72,15983
2024-01-04 05:00:00,88.21,88.54,88.01,88.26,39949
2024-01-04 06:00:00,91.05,91.34,90.67,91.32,11244
2024-01-04 07:00:00,88.78,88.9,88.48,88.7,10871
2024-01-04 08:00:00,87.89,88.17,87.23,87.28,12026
2024-01-04 09:00:00,86.0,86.93,85.57,85.64,47885
2024-01-04 10:00:00,86.16,86.96,86.05,86.85,20625
2024-01-04 11:00:00,87.59,87.62,86.83,87.05,25770
2024-01-04 12:00:00,90.35,90.42,90.0,90.4,28701
2024-01-04 13:00:00,92.32,93.04,91.88,91.88,10692
2024-01-04 14:00:00,92.25,92.65,91.89,92.15,39650
2024-01-04 15:00:00,93.67,93.95,93.61,93.92,42778
2024-01-04 16:00:00,94.58,95.08,94.08,94.99,37123
2024-01-04 17:00:00,95.79,95.87,95.28,95.38,22535
2024-01-04 18:00:00,95.95,96.03,95.94,95.99,46379
2024-01-04 19:00:00,93.3,93.9,92.7,92.96,24682
2024-01-04 20:00:00,93.74,93.93,93.14,93.42,49046
2024-01-04 21:00:00,91.19,91.38,90.25,91.06,23177
2024-01-04 22:00:00,91.97,92.49,91.5,91.68,17637
2024-01-04 23:00:00,95.83,95.93,95.51,95.71,35990
2024-01-05 00:00:00,94.22,94.45,94.08,94.3,46115
2024-01-05 01:00:00,95.63,95.77,95.6,95.69,36889
2024-01-05 02:00:00,95.76,96.02,94.93,95.18,25058
2024-01-05 03:00:00,93.61,93.67,93.6,93.67,20895
2024-01-05 04:00:00,90.75,91.95,90.64,91.92,22630
2024-01-05 05:00:00,90.39,90.65,90.14,90.25,30386
2024-01-05 06:00:00,90.32,90.34,89.84,90.06,31811
2024-01-05 07:00:00,89.81,90.4,89.69,90.2,19164
2024-01-05 08:00:00,90.26,90.59,90.12,90.29,21024
2024-01-05 09:00:00,88.32,89.01,87.59,87.75,45236
2024-01-05 10:00:00,89.71,90.43,89.51,90.35,13976
2024-01-05 11:00:00,90.35,90.41,90.3,90.41,47522
2024-01-05 12:00:00,90.9,91.76,89.69,91.07,23208
2024-01-05 13:00:00,89.56,90.19,89.23,89.75,44258
2024-01-05 14:00:00,91.23,91.33,90.9,91.11,12205
2024-01-05 15:00:00,91.82,92.57,91.66,91.95,26861
2024-01-05 16:00:00,93.44,93.84,91.93,92.9,33545
2024-01-05 17:00:00,92.47,92.92,92.22,92.25,25972
2024-01-05 18:00:00,91.8,92.01,90.75,91.18,13873
2024-01-05 19:00:00,90.47,90.54,89.72,90.04,27320
2024-01-05 20:00:00,92.42,92.59,91.96,92.46,31709
2024-01-05 21:00:00,89.84,90.6,89.77,89.82,10608
2024-01-05 22:00:00,88.79,89.42,88.67,88.75,10252
2024-01-05 23:00:00,90.11,90.87,89.68,90.68,49146
2024-01-06 00:00:00,89.19,89.21,89.17,89.2,15361
2024-01-06 01:00:00,90.93,90.96,90.41,90.45,10522
2024-01-06 02:00:00,91.6,91.73,91.48,91.53,38513
2024-01-06 03:00:00,90.01,90.1,90.0,90.03,36836
2024-01-06 04:00:00,88.82,89.07,88.7,88.74,26642
2024-01-06 05:00:00,91.16,91.16,90.49,90.81,45781
2024-01-06 06:00:00,92.24,92.43,90.85,91.07,37701
2024-01-06 07:00:00,92.79,93.29,92.64,92.7,16088
2024-01-06 08:00:00,90.56,90.74,90.08,90.47,36862
2024-01-06 09:00:00,88.12,88.68,87.6,88.46,15485
2024-01-06 10:00:00,88.21,89.02,88.19,88.85,44681
2024-01-06 11:00:00,91.37,91.47,91.09,91.24,41308
2024-01-06 12:00:00,91.87,92.73,91.82,92.52,41528
2024-01-06 13:00:00,93.52,93.93,92.58,93.73,11907
2024-01-06 14:00:00,92.65,92.85,91.89,92.17,42988
2024-01-06 15:00:00,90.88,91.1,90.58,90.98,24122
2024-01-06 16:00:00,91.08,91.31,90.79,90.93,25189
2024-01-06 17:00:00,93.88,94.6,93.36,93.49,40149
2024-01-06 18:00:00,95.07,95.17,94.59,94.69,44274
2024-01-06 19:00:00,94.66,95.74,94.63,94.78,24268
2024-01-06 20:00:00,93.09,93.39,92.9,93.26,25437
2024-01-06 21:00:00,92.56,93.74,92.38,92.59,14515
2024-01-06 22:00:00,91.94,92.32,91.32,91.96,27178
2024-01-06 23:00:00,91.57,91.68,90.26,91.17,49009
2024-01-07 00:00:00,90.46,91.55,90.32,90.94,28062
2024-01-07 01:00:00,92.2,92.55,91.94,92.35,30820
2024-01-07 02:00:00,91.57,91.81,91.32,91.36,36646
2024-01-07 03:00:00,94.94,95.65,94.43,94.83,47227
2024-01-07 04:00:00,93.07,93.11,92.84,92.9,18380
2024-01-07 05:00:00,92.74,93.01,92.34,92.41,36783
2024-01-07 06:00:00,91.5,92.14,91.13,91.4,28999
2024-01-07 07:00:00,89.57,89.85,89.32,89.67,29176
2024-01-07 08:00:00,87.85,88.9,87.79,88.07,46909
2024-01-07 09:00:00,91.1,91.12,90.79,90.82,22152
2024-01-07 10:00:00,91.65,92.04,91.65,91.93,17968
2024-01-07 11:00:00,93.0,93.22,92.43,92.51,20347
2024-01-07 12:00:00,94.64,95.06,94.46,94.54,18210
2024-01-07 13:00:00,94.99,95.32,94.54,95.1,33214
2024-01-07 14:00:00,95.64,96.0,95.51,95.78,40733
2024-01-07 15:00:00,99.69,99.78,99.43,99.76,21348
2024-01-07 16:00:00,98.93,99.8,98.79,99.46,36214
2024-01-07 17:00:00,100.61,101.51,100.47,101.18,33811
2024-01-07 18:00:00,98.33,98.43,97.63,98.23,16728
2024-01-07 19:00:00,96.93,97.47,96.28,96.5,30620
2024-01-07 20:00:00,94.29,94.6,94.06,94.48,44837
2024-01-07 21:00:00,99.06,99.35,98.31,98.93,27633
2024-01-07 22:00:00,98.89,98.9,98.86,98.89,28101
2024-01-07 23:00:00,99.71,100.04,99.48,100.0,46297
2024-01-08 00:00:00,94.39,95.02,93.45,93.8,32924
2024-01-08 01:00:00,92.61,92.68,92.25,92.41,31897
2024-01-08 02:00:00,96.03,96.2,95.25,96.19,35242
2024-01-08 03:00:00,93.43,93.52,92.82,93.29,42978
2024-01-08 04:00:00,92.24,92.34,92.11,92.25,20246
2024-01-08 05:00:00,91.75,91.9,90.98,91.78,42790
2024-01-08 06:00:00,91.75,91.76,90.63,91.7,46002
2024-01-08 07:00:00,88.87,88.99,88.82,88.95,45897
2024-01-08 08:00:00,89.23,89.59,88.91,88.98,49769
2024-01-08 09:00:00,91.05,91.79,90.92,91.09,29920
2024-01-08 10:00:00,93.11,93.49,92.73,93.13,17402
2024-01-08 11:00:00,94.65,95.4,94.18,94.57,26786
2024-01-08 12:00:00,93.18,93.61,93.1,93.3,44033
2024-01-08 13:00:00,94.88,95.11,94.82,95.0,30387
2024-01-08 14:00:00,92.51,94.4,92.21,93.68,17987
2024-01-08 15:00:00,94.51,94.63,93.12,93.14,46915
2024-01-08 16:00:00,94.21,94.85,94.09,94.69,20053
2024-01-08 17:00:00,93.4,93.54,93.14,93.34,34863
2024-01-08 18:00:00,91.24,91.3,90.53,91.16,32208
2024-01-08 19:00:00,88.78,88.85,88.2,88.51,33807
2024-01-08 20:00:00,90.45,90.47,89.86,90.27,14760
2024-01-08 21:00:00,88.03,88.24,87.6,87.72,48270
2024-01-08 22:00:00,87.42,88.58,87.39,87.78,43978
2024-01-08 23:00:00,90.72,90.78,90.26,90.72,46514
2024-01-09 00:00:00,90.36,90.66,89.98,90.61,34174
2024-01-09 01:00:00,90.63,91.03,90.42,90.63,17645
2024-01-09 02:00:00,87.68,88.35,87.28,87.94,17523
2024-01-09 03:00:00,89.43,89.43,88.88,89.09,25893
2024-01-09 04:00:00,88.99,89.06,88.84,88.88,37977
2024-01-09 05:00:00,87.49,87.86,86.77,86.89,11396
2024-01-09 06:00:00,90.51,90.59,90.0,90.37,44199
2024-01-09 07:00:00,92.57,92.83,92.17,92.3,49998
2024-01-09 08:00:00,92.79,92.99,91.77,91.96,39784
2024-01-09 09:00:00,94.1,94.27,92.87,93.85,11630
2024-01-09 10:00:00,95.54,96.16,95.42,95.84,49419
2024-01-09 11:00:00,95.73,96.37,95.67,95.76,13200
2024-01-09 12:00:00,95.51,96.14,95.42,95.84,20082
2024-01-09 13:00:00,98.14,98.65,97.36,98.31,19404
2024-01-09 14:00:00,98.24,98.32,97.82,98.25,41189
2024-01-09 15:00:00,98.76,98.87,98.44,98.85,25852
2024-01-09 16:00:00,99.37,99.42,98.78,99.14,19766
2024-01-09 17:00:00,98.02,98.49,97.95,97.98,46624
2024-01-09 18:00:00,99.9,99.92,99.08,99.67,13782
2024-01-09 19:00:00,103.16,103.19,102.85,102.88,31753
2024-01-09 20:00:00,105.74,106.19,105.21,105.49,42452
2024-01-09 21:00:00,103.75,103.97,103.4,103.53,23000
2024-01-09 22:00:00,102.8,103.14,102.51,102.72,47233
2024-01-09 23:00:00,104.56,105.91,104.53,105.35,36629
2024-01-10 00:00:00,105.48,105.5,105.19,105.47,14615
2024-01-10 01:00:00,106.36,106.8,105.77,106.54,47971
2024-01-10 02:00:00,101.05,101.42,100.81,101.25,24377
2024-01-10 03:00:00,102.84,103.82,101.77,102.98,49576
2024-01-10 04:00:00,107.79,107.85,107.48,107.51,12678
2024-01-10 05:00:00,109.83,110.24,109.41,110.05,22789
2024-01-10 06:00:00,108.77,108.82,108.24,108.29,25983
2024-01-10 07:00:00,105.21,105.81,105.1,105.74,14251
2024-01-10 08:00:00,102.32,103.41,102.03,102.07,20789
2024-01-10 09:00:00,100.45,100.53,100.12,100.31,27260
2024-01-10 10:00:00,102.35,102.89,101.86,102.53,16133
2024-01-10 11:00:00,104.1,104.64,103.94,104.13,39460
2024-01-10 12:00:00,108.23,108.74,107.94,107.96,13718
2024-01-10 13:00:00,110.19,110.25,108.65,110.02,11878
2024-01-10 14:00:00,108.11,108.92,107.87,107.9,45414
2024-01-10 15:00:00,105.34,105.46,105.3,105.32,12382
2024-01-10 16:00:00,105.55,105.77,105.5,105.57,49912
2024-01-10 17:00:00,105.95,106.79,105.86,106.43,41313
2024-01-10 18:00:00,106.86,107.12,106.46,106.65,43536
2024-01-10 19:00:00,109.75,109.88,109.43,109.47,46008
2024-01-10 20:00:00,107.96,109.03,107.82,108.57,38706
2024-01-10 21:00:00,107.2,107.2,106.66,106.77,26444
2024-01-10 22:00:00,106.6,107.04,106.57,106.87,36596
2024-01-10 23:00:00,108.9,109.18,108.57,109.01,23338
2024-01-11 00:00:00,108.59,109.68,108.54,108.77,45496
2024-01-11 01:00:00,108.72,109.47,108.23,109.13,33561
2024-01-11 02:00:00,108.52,109.16,108.08,108.88,30509
2024-01-11 03:00:00,108.16,108.93,107.88,108.36,13796
2024-01-11 04:00:00,106.41,106.44,105.21,105.45,44799
2024-01-11 05:00:00,103.66,104.19,103.64,104.03,48717
2024-01-11 06:00:00,103.38,103.52,102.11,102.37,15604
2024-01-11 07:00:00,102.82,103.79,102.65,102.85,13136
2024-01-11 08:00:00,106.99,107.66,106.46,106.54,42971
2024-01-11 09:00:00,112.38,113.5,112.34,112.6,21220
2024-01-11 10:00:00,113.15,113.17,112.92,113.16,42960
2024-01-11 11:00:00,111.86,112.12,111.6,112.09,42268
2024-01-11 12:00:00,109.29,110.91,109.15,109.17,41140
2024-01-11 13:00:00,114.37,115.72,114.28,114.4,49742
2024-01-11 14:00:00,114.41,114.49,113.15,113.74,36562
2024-01-11 15:00:00,118.02,118.47,117.9,117.96,43151
2024-01-11 16:00:00,118.62,118.76,118.54,118.56,24688
2024-01-11 17:00:00,117.04,117.62,116.8,117.5,40504
2024-01-11 18:00:00,119.88,120.19,119.42,119.83,21798
2024-01-11 19:00:00,123.44,123.87,123.02,123.12,32707
2024-01-11 20:00:00,123.41,123.44,123.01,123.27,21977
2024-01-11 21:00:00,123.8,124.25,123.53,123.95,47507
2024-01-11 22:00:00,123.22,123.23,122.59,122.64,45289
2024-01-11 23:00:00,125.58,125.89,125.34,125.86,23999
2024-01-12 00:00:00,126.66,127.7,126.18,127.51,35529
2024-01-12 01:00:00,126.95,127.29,126.74,126.76,24482
2024-01-12 02:00:00,127.8,127.93,127.63,127.66,13969
2024-01-12 03:00:00,127.48,128.28,127.48,127.79,36590
2024-01-12 04:00:00,124.57,125.18,124.3,124.7,24133
2024-01-12 05:00:00,126.29,126.3,125.84,126.04,44999
2024-01-12 06:00:00,125.07,125.12,124.42,124.51,29541
2024-01-12 07:00:00,125.79,126.07,125.11,125.51,27699
2024-01-12 08:00:00,121.43,122.23,121.15,121.59,43883
2024-01-12 09:00:00,117.37,117.86,117.06,117.72,19260
2024-01-12 10:00:00,118.69,118.7,118.16,118.43,10299
2024-01-12 11:00:00,122.19,122.76,122.12,122.67,25750
2024-01-12 12:00:00,120.33,120.69,119.87,120.44,13159
2024-01-12 13:00:00,122.06,122.42,121.67,121.77,40626
2024-01-12 14:00:00,118.35,118.6,118.01,118.02,15209
2024-01-12 15:00:00,114.45,114.93,114.4,114.53,36561
2024-01-12 16:00:00,112.83,113.27,112.42,112.9,25938
2024-01-12 17:00:00,112.68,113.17,112.3,112.53,10763
2024-01-12 18:00:00,111.52,111.63,111.25,111.36,40248
2024-01-12 19:00:00,112.97,113.25,112.38,112.47,45501
2024-01-12 20:00:00,107.73,108.32,107.56,108.2,20338
2024-01-12 21:00:00,107.36,108.19,107.05,108.14,25447
2024-01-12 22:00:00,109.5,110.04,108.96,109.08,38888
2024-01-12 23:00:00,107.87,108.51,107.77,108.3,15347
2024-01-13 00:00:00,104.98,105.66,104.53,104.99,29347
2024-01-13 01:00:00,103.05,103.28,102.31,102.41,22090
2024-01-13 02:00:00,101.57,101.58,101.05,101.27,22861
2024-01-13 03:00:00,98.61,98.67,98.13,98.3,21053
2024-01-13 04:00:00,98.3,98.84,97.48,97.95,20009
2024-01-13 05:00:00,97.12,97.51,96.31,97.22,42047
2024-01-13 06:00:00,97.33,98.57,97.08,97.86,31863
2024-01-13 07:00:00,97.57,97.86,97.23,97.61,20066
2024-01-13 08:00:00,96.84,96.91,96.19,96.73,21163
2024-01-13 09:00:00,98.48,98.66,98.16,98.17,19243
2024-01-13 10:00:00,98.07,98.83,96.92,98.61,28527
2024-01-13 11:00:00,101.69,102.4,101.65,102.21,20961
2024-01-13 12:00:00,101.13,101.75,100.98,101.72,32618
2024-01-13 13:00:00,102.12,102.52,101.85,102.41,30583
2024-01-13 14:00:00,99.92,99.98,99.29,99.42,48391
2024-01-13 15:00:00,98.91,99.08,98.87,98.91,13272
2024-01-13 16:00:00,97.92,98.05,97.57,97.69,43790
2024-01-13 17:00:00,96.92,97.22,96.71,96.95,39926
2024-01-13 18:00:00,99.04,99.38,98.99,99.08,13827
2024-01-13 19:00:00,98.88,99.64,98.58,98.77,30357
2024-01-13 20:00:00,100.98,101.09,100.37,100.99,43177
2024-01-13 21:00:00,102.58,103.12,101.95,102.44,36352
2024-01-13 22:00:00,98.88,99.63,98.44,98.57,11547
2024-01-13 23:00:00,98.77,99.42,97.87,99.26,13683
2024-01-14 00:00:00,95.33,96.78,95.26,95.53,30831
2024-01-14 01:00:00,94.68,95.11,94.65,94.84,35042
2024-01-14 02:00:00,101.56,102.13,100.72,100.96,12589
2024-01-14 03:00:00,101.21,101.23,101.06,101.06,35232
2024-01-14 04:00:00,99.23,99.28,99.22,99.24,42052
2024-01-14 05:00:00,99.15,99.81,98.82,98.82,35262
2024-01-14 06:00:00,96.7,97.05,96.12,96.22,20710
2024-01-14 07:00:00,94.72,95.48,94.72,94.74,16964
2024-01-14 08:00:00,92.89,93.35,92.57,92.96,26635
2024-01-14 09:00:00,94.95,95.15,94.74,95.0,26116
2024-01-14 10:00:00,96.75,96.92,96.62,96.69,49166
2024-01-14 11:00:00,99.17,99.2,98.72,99.04,19471
2024-01-14 12:00:00,98.01,98.11,97.7,97.71,19959
2024-01-14 13:00:00,97.42,97.52,97.29,97.39,41698
2024-01-14 14:00:00,98.51,99.53,98.16,98.25,11001
2024-01-14 15:00:00,100.84,101.08,100.62,101.07,13642
2024-01-14 16:00:00,100.93,101.72,100.88,101.16,43036
2024-01-14 17:00:00,103.48,103.56,103.01,103.56,12005
2024-01-14 18:00:00,101.9,101.96,101.85,101.89,47528
2024-01-14 19:00:00,103.14,103.26,102.12,102.63,36332
2024-01-14 20:00:00,102.78,102.94,102.74,102.74,47388
2024-01-14 21:00:00,102.22,102.27,102.15,102.15,31863
2024-01-14 22:00:00,101.91,103.05,101.85,102.56,29119
2024-01-14 23:00:00,100.88,101.91,100.72,101.58,37187
2024-01-15 00:00:00,104.16,104.72,102.43,103.98,49902
2024-01-15 01:00:00,101.2,102.55,101.01,101.46,30490
2024-01-15 02:00:00,98.96,98.97,97.7,98.08,16755
2024-01-15 03:00:00,99.98,100.84,99.11,99.98,12672
2024-01-15 04:00:00,102.32,102.49,101.61,102.34,23652
2024-01-15 05:00:00,102.02,102.3,101.68,102.29,19136
2024-01-15 06:00:00,101.96,102.42,101.74,102.23,20904
2024-01-15 07:00:00,99.33,99.42,98.34,99.02,24805
2024-01-15 08:00:00,99.93,100.15,98.95,100.02,49939
2024-01-15 09:00:00,106.03,106.06,105.55,105.59,24243
2024-01-15 10:00:00,103.94,104.6,103.87,104.28,21915
2024-01-15 11:00:00,105.37,105.64,105.24,105.37,44213
2024-01-15 12:00:00,105.74,106.42,105.66,106.34,36090
2024-01-15 13:00:00,108.64,109.09,108.48,108.95,29957
2024-01-15 14:00:00,107.22,107.62,106.91,106.97,39077
2024-01-15 15:00:00,104.95,105.52,104.88,105.0,35822
2024-01-15 16:00:00,103.93,104.35,103.0,103.65,39456
2024-01-15 17:00:00,104.82,105.28,103.5,105.27,46009
2024-01-15 18:00:00,108.11,108.49,107.8,107.85,46037
2024-01-15 19:00:00,103.57,103.99,103.46,103.51,47421
2024-01-15 20:00:00,105.87,106.57,105.84,105.98,13573
2024-01-15 21:00:00,105.48,106.06,105.38,105.7,44513
2024-01-15 22:00:00,108.75,108.8,108.75,108.76,32268
2024-01-15 23:00:00,110.21,112.06,109.87,110.88,48659
2024-01-16 00:00:00,114.94,115.17,114.88,115.02,27364
2024-01-16 01:00:00,116.23,116.36,115.03,115.63,43700
2024-01-16 02:00:00,115.4,116.7,115.1,116.62,13820
2024-01-16 03:00:00,114.77,114.91,113.83,114.35,19878
2024-01-16 04:00:00,119.08,119.74,119.01,119.57,30416
2024-01-16 05:00:00,118.84,119.21,118.01,118.45,38477
2024-01-16 06:00:00,119.57,119.9,118.9,119.3,24037
2024-01-16 07:00:00,116.26,117.4,115.34,115.95,34718
2024-01-16 08:00:00,116.59,116.67,116.27,116.43,16222
2024-01-16 09:00:00,116.79,117.25,116.42,117.07,23572
2024-01-16 10:00:00,116.69,116.95,116.06,116.55,31632
2024-01-16 11:00:00,118.13,118.61,117.56,117.57,13964
2024-01-16 12:00:00,115.31,115.5,115.02,115.03,49605
2024-01-16 13:00:00,113.49,114.15,113.13,113.47,37704
2024-01-16 14:00:00,114.18,114.25,113.93,114.15,24281
2024-01-16 15:00:00,117.82,118.34,117.4,117.65,47473
2024-01-16 16:00:00,117.84,118.29,117.37,117.83,23382
2024-01-16 17:00:00,120.64,121.01,120.43,120.86,33056
2024-01-16 18:00:00,119.79,120.46,119.25,119.63,31850
2024-01-16 19:00:00,118.72,118.87,117.7,118.18,30039
2024-01-16 20:00:00,119.2,119.41,119.06,119.4,17180
2024-01-16 21:00:00,116.3,117.36,116.22,117.06,13797
2024-01-16 22:00:00,117.5,118.01,116.81,118.0,20863
2024-01-16 23:00:00,121.97,122.21,121.68,122.11,35560
2024-01-17 00:00:00,121.56,122.08,121.46,121.52,42092
2024-01-17 01:00:00,119.65,119.93,119.17,119.54,35480
2024-01-17 02:00:00,116.4,116.65,116.24,116.49,14271
2024-01-17 03:00:00,119.45,119.46,118.64,119.32,23803
2024-01-17 04:00:00,121.26,121.79,120.69,121.45,25030
2024-01-17 05:00:00,125.95,126.37,125.27,126.14,49977
2024-01-17 06:00:00,127.76,128.57,127.66,128.5,38812
2024-01-17 07:00:00,127.37,127.46,125.86,127.18,34089
2024-01-17 08:00:00,122.25,122.91,121.64,122.33,29837
2024-01-17 09:00:00,123.96,124.27,123.31,124.17,19169
2024-01-17 10:00:00,125.29,125.55,125.17,125.51,25674
2024-01-17 11:00:00,126.89,128.05,126.71,126.98,31142
2024-01-17 12:00:00,125.4,125.66,125.28,125.55,20559
2024-01-17 13:00:00,130.43,130.72,129.99,130.61,39941
2024-01-17 14:00:00,125.52,127.22,125.4,125.79,38881
2024-01-17 15:00:00,126.98,127.36,126.31,126.88,34570
2024-01-17 16:00:00,124.95,125.03,124.54,124.89,17711
2024-01-17 17:00:00,125.97,126.08,125.18,126.01,48937
2024-01-17 18:00:00,131.12,131.23,130.69,130.78,18829
2024-01-17 19:00:00,133.8,135.08,133.69,135.0,17344
2024-01-17 20:00:00,136.84,138.14,136.64,136.78,11241
2024-01-17 21:00:00,136.88,136.93,136.27,136.48,30209
2024-01-17 22:00:00,137.95,138.26,137.25,138.16,39229
2024-01-17 23:00:00,140.68,140.86,139.65,140.85,45642
2024-01-18 00:00:00,136.43,137.03,136.34,136.42,40716
2024-01-18 01:00:00,132.2,132.36,131.74,132.07,21429
2024-01-18 02:00:00,130.09,131.24,129.88,130.0,16489
2024-01-18 03:00:00,124.46,124.54,124.11,124.22,28707
2024-01-18 04:00:00,122.09,122.24,121.34,122.15,27049
2024-01-18 05:00:00,120.21,120.58,120.01,120.49,46210
2024-01-18 06:00:00,120.66,121.73,120.06,120.25,14718
2024-01-18 07:00:00,122.55,122.86,121.97,122.38,36280
2024-01-18 08:00:00,124.11,124.14,123.74,123.87,24015
2024-01-18 09:00:00,122.44,122.56,122.33,122.42,15921
2024-01-18 10:00:00,127.08,127.09,126.59,126.96,32513
2024-01-18 11:00:00,124.86,125.05,124.35,124.76,47563
2024-01-18 12:00:00,129.47,130.34,128.65,129.37,29325
2024-01-18 13:00:00,131.84,132.25,131.38,132.09,28250
2024-01-18 14:00:00,135.0,135.79,134.64,135.42,19282
2024-01-18 15:00:00,135.84,136.72,135.48,136.15,13004
2024-01-18 16:00:00,135.76,135.96,134.76,134.8,32168
2024-01-18 17:00:00,135.87,136.42,135.66,136.09,46878
2024-01-18 18:00:00,133.24,134.34,132.44,134.22,47152
2024-01-18 19:00:00,129.81,130.54,129.41,130.11,38541
2024-01-18 20:00:00,129.55,130.02,128.97,129.66,18943
2024-01-18 21:00:00,130.53,130.57,130.05,130.42,36196
2024-01-18 22:00:00,130.61,130.8,130.36,130.48,23493
2024-01-18 23:00:00,131.32,131.49,131.21,131.23,23796
2024-01-19 00:00:00,132.15,133.07,131.67,132.69,46693
2024-01-19 01:00:00,128.77,129.81,128.59,128.86,19442
2024-01-19 02:00:00,129.65,130.37,129.24,129.36,16042
2024-01-19 03:00:00,133.08,133.49,132.28,133.07,44001
2024-01-19 04:00:00,134.34,134.55,134.11,134.45,35189
2024-01-19 05:00:00,134.41,134.57,133.24,134.25,30948
2024-01-19 06:00:00,134.58,137.23,134.19,135.03,37183
2024-01-19 07:00:00,136.89,137.09,136.09,136.68,27664
2024-01-19 08:00:00,136.76,137.44,136.74,137.32,49816
2024-01-19 09:00:00,140.98,141.76,140.07,141.46,48631
2024-01-19 10:00:00,136.68,136.9,135.09,135.38,40631
2024-01-19 11:00:00,135.07,135.38,134.49,134.76,45733
2024-01-19 12:00:00,134.49,134.57,134.41,134.57,41647
2024-01-19 13:00:00,131.03,131.53,130.43,131.13,15993
2024-01-19 14:00:00,132.03,132.14,131.94,132.03,20450
2024-01-19 15:00:00,135.58,136.09,134.41,135.95,12201
2024-01-19 16:00:00,134.62,134.68,132.81,133.45,49359
2024-01-19 17:00:00,132.92,133.15,132.74,133.06,40454
2024-01-19 18:00:00,133.7,134.03,133.22,133.43,13116
2024-01-19 19:00:00,132.93,133.21,131.85,132.86,43332
2024-01-19 20:00:00,131.57,133.48,131.36,131.37,30003
2024-01-19 21:00:00,126.3,127.89,126.29,126.55,33439
2024-01-19 22:00:00,128.68,128.86,128.37,128.75,37283
2024-01-19 23:00:00,132.69,133.1,132.53,132.74,37071
2024-01-20 00:00:00,127.83,128.42,127.14,127.89,18828
2024-01-20 01:00:00,125.34,125.54,125.04,125.19,39411
2024-01-20 02:00:00,128.63,129.42,128.55,128.58,20842
2024-01-20 03:00:00,127.87,128.58,127.21,128.24,34539
2024-01-20 04:00:00,132.39,132.82,131.67,132.62,49708
2024-01-20 05:00:00,133.81,134.68,133.21,133.41,30419
2024-01-20 06:00:00,133.85,133.97,132.92,133.48,22386
2024-01-20 07:00:00,129.83,130.43,129.55,130.05,43053
2024-01-20 08:00:00,130.98,131.75,130.05,130.44,10030
2024-01-20 09:00:00,128.41,128.91,128.33,128.82,16632
2024-01-20 10:00:00,126.36,126.79,126.18,126.24,41011
2024-01-20 11:00:00,124.56,125.11,124.31,125.09,17320
2024-01-20 12:00:00,125.18,126.2,124.65,124.79,41262
2024-01-20 13:00:00,125.68,126.0,125.62,125.62,27956
2024-01-20 14:00:00,123.48,124.0,123.18,123.62,32593
2024-01-20 15:00:00,128.97,129.0,128.59,128.86,22472
2024-01-20 16:00:00,127.96,128.11,127.06,127.37,19086
2024-01-20 17:00:00,127.14,127.87,127.1,127.43,26180
2024-01-20 18:00:00,126.78,127.36,126.64,127.02,34807
2024-01-20 19:00:00,126.46,127.94,126.38,126.93,44081
2024-01-20 20:00:00,130.45,131.2,130.01,130.61,39225
2024-01-20 21:00:00,132.06,132.1,131.19,131.9,14970
2024-01-20 22:00:00,132.56,134.01,132.47,133.23,43171
2024-01-20 23:00:00,134.06,135.05,133.18,134.77,23964
2024-01-21 00:00:00,132.31,133.25,132.03,132.47,14971
2024-01-21 01:00:00,131.36,132.14,131.21,131.92,14244
2024-01-21 02:00:00,130.17,131.08,129.5,129.56,12857
2024-01-21 03:00:00,131.57,132.43,131.24,131.95,17784
2024-01-21 04:00:00,127.92,129.34,127.34,128.49,22132
2024-01-21 05:00:00,126.18,126.37,126.02,126.25,15294
2024-01-21 06:00:00,124.51,124.57,124.29,124.51,47374
2024-01-21 07:00:00,128.35,128.38,126.93,127.5,40521
2024-01-21 08:00:00,131.49,131.65,131.0,131.22,46787
2024-01-21 09:00:00,128.77,129.73,128.42,128.85,16155
2024-01-21 10:00:00,124.58,125.74,124.41,124.82,26977
2024-01-21 11:00:00,128.19,128.87,127.95,128.5,44998
2024-01-21 12:00:00,125.9,127.26,125.88,126.51,43096
2024-01-21 13:00:00,128.14,128.24,127.54,127.73,27762
2024-01-21 14:00:00,127.07,127.51,126.52,127.08,46613
2024-01-21 15:00:00,126.56,127.03,126.47,126.9,29370
2024-01-21 16:00:00,124.86,125.1,124.65,124.81,20550
2024-01-21 17:00:00,126.07,127.03,125.48,127.02,26166
2024-01-21 18:00:00,122.52,124.43,122.14,123.13,27385
2024-01-21 19:00:00,122.18,122.46,121.94,122.05,27104
2024-01-21 20:00:00,123.56,123.59,122.89,123.19,14384
2024-01-21 21:00:00,124.13,124.34,124.03,124.07,16871
2024-01-21 22:00:00,127.35,127.49,126.99,127.19,20471
2024-01-21 23:00:00,122.08,122.12,121.94,121.99,37030
2024-01-22 00:00:00,123.44,123.46,123.25,123.29,34715
2024-01-22 01:00:00,124.26,124.84,123.6,123.8,40676
2024-01-22 02:00:00,124.9,125.58,124.52,125.48,31250
2024-01-22 03:00:00,126.52,126.77,125.81,125.91,48670
2024-01-22 04:00:00,127.9,128.25,127.45,128.1,22704
2024-01-22 05:00:00,127.16,128.31,126.7,127.21,12217
2024-01-22 06:00:00,128.96,129.05,127.84,128.19,37427
2024-01-22 07:00:00,124.83,125.31,124.13,125.16,40468
2024-01-22 08:00:00,123.88,124.58,122.81,123.84,30474
2024-01-22 09:00:00,123.57,123.73,122.27,122.74,12621
2024-01-22 10:00:00,119.6,120.05,119.47,119.71,11837
2024-01-22 11:00:00,120.41,121.13,119.93,121.06,45505
2024-01-22 12:00:00,122.89,123.23,122.27,123.15,11225
2024-01-22 13:00:00,119.33,120.96,118.79,119.66,19033
2024-01-22 14:00:00,117.26,117.41,116.73,117.04,33552
2024-01-22 15:00:00,114.56,114.79,113.82,114.63,22687
2024-01-22 16:00:00,116.22,117.1,116.08,116.78,34366
2024-01-22 17:00:00,117.8,118.65,117.8,118.38,48168
2024-01-22 18:00:00,119.26,119.28,118.53,118.58,41857
2024-01-22 19:00:00,121.23,121.97,120.23,121.64,18030
2024-01-22 20:00:00,121.99,122.86,121.91,122.4,33549
2024-01-22 21:00:00,123.45,124.08,123.12,124.0,13135
2024-01-22 22:00:00,128.53,128.63,127.66,128.26,45864
2024-01-22 23:00:00,126.06,126.36,125.29,126.0,39007
2024-01-23 00:00:00,128.4,129.2,127.49,128.41,28468
2024-01-23 01:00:00,123.05,123.31,122.69,122.87,46723
2024-01-23 02:00:00,120.52,120.88,120.48,120.76,45892
2024-01-23 03:00:00,119.14,119.76,118.16,118.99,18140
2024-01-23 04:00:00,119.85,120.84,119.59,120.11,25192
2024-01-23 05:00:00,122.51,122.52,121.17,121.6,36911
2024-01-23 06:00:00,124.55,124.78,123.22,123.54,12324
2024-01-23 07:00:00,129.05,129.26,127.53,127.59,41129
2024-01-23 08:00:00,127.26,128.18,126.63,127.23,10258
2024-01-23 09:00:00,125.18,125.81,125.0,125.31,36560
2024-01-23 10:00:00,124.71,125.01,124.57,124.67,11885
2024-01-23 11:00:00,125.65,126.24,125.32,126.17,47359
2024-01-23 12:00:00,127.62,127.71,127.33,127.7,41317
2024-01-23 13:00:00,126.23,127.28,125.33,125.51,14691
2024-01-23 14:00:00,131.2,131.23,130.47,130.79,20968
2024-01-23 15:00:00,126.3,126.65,126.04,126.05,29804
2024-01-23 16:00:00,124.15,125.05,123.78,124.99,47627
2024-01-23 17:00:00,125.6,126.19,123.78,126.16,16533
2024-01-23 18:00:00,122.78,123.15,122.53,122.75,49009
2024-01-23 19:00:00,122.82,123.09,122.4,122.97,20046
2024-01-23 20:00:00,123.59,124.41,123.37,123.56,28967
2024-01-23 21:00:00,119.14,119.81,118.84,118.92,27978
2024-01-23 22:00:00,114.07,115.0,113.61,114.77,18494
2024-01-23 23:00:00,115.24,115.26,115.06,115.17,10472
2024-01-24 00:00:00,118.31,118.42,117.79,118.06,24473
2024-01-24 01:00:00,118.01,118.68,117.95,118.33,21231
2024-01-24 02:00:00,116.34,116.35,116.19,116.3,28512
2024-01-24 03:00:00,114.26,114.51,113.98,114.19,42991
2024-01-24 04:00:00,113.25,113.29,112.77,113.28,20484
2024-01-24 05:00:00,109.44,109.48,108.77,109.43,16377
2024-01-24 06:00:00,110.67,111.84,110.65,111.52,17031
2024-01-24 07:00:00,110.88,111.28,110.42,111.19,20532
2024-01-24 08:00:00,109.32,109.72,108.63,109.4,32613
2024-01-24 09:00:00,111.71,112.44,111.13,111.57,21665
2024-01-24 10:00:00,112.01,112.35,111.89,112.21,23212
2024-01-24 11:00:00,112.89,113.2,112.46,112.97,21576
2024-01-24 12:00:00,113.42,113.54,112.22,112.31,25427
2024-01-24 13:00:00,115.09,115.26,115.04,115.12,28186
2024-01-24 14:00:00,114.29,114.78,113.6,114.77,12492
2024-01-24 15:00:00,112.57,113.05,112.2,112.9,38241
2024-01-24 16:00:00,115.72,116.32,115.3,115.61,25334
2024-01-24 17:00:00,120.84,120.95,120.44,120.85,46351
2024-01-24 18:00:00,120.59,120.92,119.1,119.64,12365
2024-01-24 19:00:00,123.97,124.07,123.1,123.42,22708
2024-01-24 20:00:00,119.77,120.47,119.58,119.64,27604
2024-01-24 21:00:00,117.13,117.54,116.41,117.36,19986
2024-01-24 22:00:00,117.17,118.58,116.89,117.19,20263
2024-01-24 23:00:00,112.65,114.02,112.44,113.75,44447
2024-01-25 00:00:00,114.21,114.37,113.1,114.07,19229
2024-01-25 01:00:00,113.97,114.19,113.26,114.06,45962
2024-01-25 02:00:00,116.46,116.78,115.7,115.74,25576
2024-01-25 03:00:00,118.71,119.79,118.1,118.41,32888
2024-01-25 04:00:00,114.85,116.85,114.72,115.96,14530
2024-01-25 05:00:00,114.66,115.73,114.14,115.06,45811
2024-01-25 06:00:00,116.3,116.99,116.12,116.49,19788
2024-01-25 07:00:00,117.69,117.84,117.51,117.63,11139
2024-01-25 08:00:00,121.35,121.39,120.02,121.04,31459
2024-01-25 09:00:00,118.68,119.17,118.67,118.8,20981
2024-01-25 10:00:00,120.73,120.77,119.49,119.8,49922
2024-01-25 11:00:00,118.13,118.63,117.21,117.49,15855
2024-01-25 12:00:00,116.19,116.19,115.93,116.13,39031
2024-01-25 13:00:00,118.45,118.96,117.33,118.43,35798
2024-01-25 14:00:00,116.94,118.14,116.9,117.11,11428
2024-01-25 15:00:00,116.89,117.36,116.74,117.13,47873
2024-01-25 16:00:00,117.33,117.9,117.06,117.28,27322
2024-01-25 17:00:00,117.79,118.66,117.27,117.32,37867
2024-01-25 18:00:00,116.23,116.63,115.8,116.06,44228
2024-01-25 19:00:00,114.84,115.07,114.43,114.64,41843
2024-01-25 20:00:00,116.62,117.02,116.37,116.77,31248
2024-01-25 21:00:00,114.63,115.09,114.08,114.13,37597
2024-01-25 22:00:00,114.35,114.9,113.89,114.42,25876
2024-01-25 23:00:00,117.49,117.5,116.78,117.27,45394
2024-01-26 00:00:00,117.2,117.4,116.79,117.03,21125
2024-01-26 01:00:00,117.38,117.58,117.07,117.38,17439
2024-01-26 02:00:00,120.18,120.36,119.67,119.87,34674
2024-01-26 03:00:00,120.96,121.09,120.27,120.45,25331
2024-01-26 04:00:00,120.92,121.12,120.29,121.06,33232
2024-01-26 05:00:00,119.32,119.73,119.23,119.51,38571
2024-01-26 06:00:00,121.79,121.81,121.41,121.58,30178
2024-01-26 07:00:00,123.39,125.6,123.28,125.13,24200
2024-01-26 08:00:00,124.71,125.32,124.59,124.88,12826
2024-01-26 09:00:00,129.37,129.41,129.04,129.29,44863
2024-01-26 10:00:00,127.19,127.59,126.39,127.1,21029
2024-01-26 11:00:00,121.69,122.22,121.63,121.88,47639
2024-01-26 12:00:00,122.56,123.48,122.36,123.18,38962
2024-01-26 13:00:00,123.39,123.98,122.99,123.49,45340
2024-01-26 14:00:00,125.62,125.84,125.55,125.81,47250
2024-01-26 15:00:00,124.78,124.9,124.65,124.69,49977
2024-01-26 16:00:00,122.14,122.54,121.97,122.31,32787
2024-01-26 17:00:00,127.14,127.78,126.34,127.47,39456
2024-01-26 18:00:00,128.25,128.67,127.85,128.11,30702
2024-01-26 19:00:00,125.23,126.21,125.21,125.9,26365
2024-01-26 20:00:00,131.31,132.04,131.13,131.89,39926
2024-01-26 21:00:00,134.2,134.26,133.97,134.22,31588
2024-01-26 22:00:00,133.57,133.76,133.13,133.31,17035
2024-01-26 23:00:00,133.43,133.91,132.51,132.63,23721
2024-01-27 00:00:00,130.6,130.96,130.6,130.94,25937
2024-01-27 01:00:00,132.31,132.53,131.9,132.48,11630
2024-01-27 02:00:00,133.24,133.45,132.33,133.19,17754
2024-01-27 03:00:00,136.04,136.23,135.4,135.41,19920
2024-01-27 04:00:00,133.47,134.8,132.92,134.35,20601
2024-01-27 05:00:00,132.22,132.94,132.1,132.18,28215
2024-01-27 06:00:00,139.03,139.36,137.76,138.94,35639
2024-01-27 07:00:00,139.62,140.46,139.01,139.03,44833
2024-01-27 08:00:00,138.88,140.2,138.58,139.38,26826
2024-01-27 09:00:00,135.53,135.7,134.36,134.52,26437
2024-01-27 10:00:00,135.98,136.15,135.23,135.76,32612
2024-01-27 11:00:00,141.24,141.3,141.17,141.28,31752
2024-01-27 12:00:00,141.98,142.68,141.22,141.36,27552
2024-01-27 13:00:00,139.48,139.75,139.03,139.66,30478
2024-01-27 14:00:00,144.71,144.95,143.29,143.87,46043
2024-01-27 15:00:00,143.66,144.52,143.63,143.82,29511
2024-01-27 16:00:00,145.78,146.14,145.71,145.98,37486
2024-01-27 17:00:00,145.62,146.81,145.35,146.34,18535
2024-01-27 18:00:00,146.51,146.53,146.42,146.49,31661
2024-01-27 19:00:00,148.07,148.39,147.93,148.1,40806
2024-01-27 20:00:00,144.48,144.63,143.09,144.2,28224
2024-01-27 21:00:00,145.13,146.14,144.8,145.08,46281
2024-01-27 22:00:00,147.2,147.29,146.4,146.56,20403
2024-01-27 23:00:00,150.76,150.77,149.62,150.28,35755
2024-01-28 00:00:00,149.18,149.48,147.83,148.23,49130
2024-01-28 01:00:00,147.37,147.77,147.08,147.13,49504
2024-01-28 02:00:00,148.06,148.31,146.77,146.87,35568
2024-01-28 03:00:00,148.54,149.29,148.41,148.98,22825
2024-01-28 04:00:00,151.42,151.71,150.02,151.65,38278
2024-01-28 05:00:00,149.29,149.64,148.4,148.67,45312
2024-01-28 06:00:00,148.14,149.31,147.9,147.99,33750
2024-01-28 07:00:00,152.41,152.93,151.24,152.01,30678
2024-01-28 08:00:00,149.92,150.45,148.83,150.34,17333
2024-01-28 09:00:00,152.8,153.36,152.14,153.17,16381
2024-01-28 10:00:00,152.82,153.1,152.12,152.75,37917
2024-01-28 11:00:00,155.95,157.01,155.89,156.74,16021
2024-01-28 12:00:00,153.78,153.83,153.35,153.65,31463
2024-01-28 13:00:00,156.8,157.87,155.94,157.8,34930
2024-01-28 14:00:00,164.04,164.15,162.96,163.49,44237
2024-01-28 15:00:00,157.04,157.1,156.46,156.68,21699
2024-01-28 16:00:00,155.31,156.57,154.78,155.04,47162
2024-01-28 17:00:00,155.4,155.95,155.31,155.49,21666
2024-01-28 18:00:00,153.69,154.57,153.42,153.49,28719
2024-01-28 19:00:00,157.09,157.52,156.79,157.0,15438
2024-01-28 20:00:00,156.48,156.79,155.48,155.6,39962
2024-01-28 21:00:00,156.49,156.89,155.65,155.72,24480
2024-01-28 22:00:00,154.4,154.52,153.76,154.38,23954
2024-01-28 23:00:00,152.31,152.62,151.61,152.04,43216
2024-01-29 00:00:00,150.04,151.11,149.49,150.23,38425
2024-01-29 01:00:00,148.93,150.06,148.5,149.46,14242
2024-01-29 02:00:00,145.68,145.86,144.6,145.13,32361
2024-01-29 03:00:00,152.3,152.77,151.69,152.61,42090
2024-01-29 04:00:00,159.02,159.1,158.87,159.07,31524
2024-01-29 05:00:00,154.73,155.05,154.4,154.69,45983
2024-01-29 06:00:00,149.14,149.81,149.0,149.31,44723
2024-01-29 07:00:00,151.61,151.63,151.57,151.59,44108
2024-01-29 08:00:00,156.28,156.99,156.2,156.84,26333
2024-01-29 09:00:00,156.22,156.54,154.53,156.3,39681
2024-01-29 10:00:00,154.84,155.43,154.73,155.08,16377
2024-01-29 11:00:00,156.75,157.1,156.08,156.64,26390
2024-01-29 12:00:00,152.83,153.05,152.73,152.75,41718
2024-01-29 13:00:00,158.06,158.37,157.9,158.21,46228
2024-01-29 14:00:00,161.21,161.68,161.21,161.54,47061
2024-01-29 15:00:00,163.26,164.16,162.41,163.6,13305
2024-01-29 16:00:00,162.08,162.56,161.68,162.25,19259
2024-01-29 17:00:00,160.31,160.49,160.27,160.47,25283
2024-01-29 18:00:00,155.83,156.73,154.3,155.21,30788
2024-01-29 19:00:00,156.15,156.22,155.68,155.74,37502
2024-01-29 20:00:00,153.63,153.92,153.46,153.65,46061
2024-01-29 21:00:00,155.17,155.39,154.56,154.67,48482
2024-01-29 22:00:00,155.99,156.73,155.31,155.65,13952
2024-01-29 23:00:00,156.32,157.21,156.26,156.73,42871
2024-01-30 00:00:00,158.15,158.21,157.01,157.3,37040
2024-01-30 01:00:00,164.45,164.5,163.99,164.4,44315
2024-01-30 02:00:00,164.62,165.9,163.65,165.59,47193
2024-01-30 03:00:00,160.4,162.2,160.33,161.16,33856
2024-01-30 04:00:00,152.48,154.89,152.35,153.94,35855
2024-01-30 05:00:00,154.68,155.73,154.49,154.82,33030
2024-01-30 06:00:00,152.46,153.96,151.69,153.57,49656
2024-01-30 07:00:00,144.94,145.29,144.49,144.65,47770
2024-01-30 08:00:00,145.25,145.78,144.66,145.77,46039
2024-01-30 09:00:00,150.4,151.31,149.5,150.07,47937
2024-01-30 10:00:00,146.73,147.98,146.68,147.61,25967
2024-01-30 11:00:00,145.49,146.38,145.37,145.59,14235
2024-01-30 12:00:00,144.93,145.04,144.44,144.94,37077
2024-01-30 13:00:00,144.5,145.12,142.68,143.64,27320
2024-01-30 14:00:00,142.35,142.74,142.27,142.55,21192
2024-01-30 15:00:00,143.44,144.29,143.12,144.19,25070
2024-01-30 16:00:00,142.9,144.72,142.13,142.86,22181
2024-01-30 17:00:00,144.65,144.93,144.18,144.52,14464
2024-01-30 18:00:00,143.06,144.57,142.77,144.25,28009
2024-01-30 19:00:00,146.55,147.0,145.88,146.18,20972
2024-01-30 20:00:00,150.74,151.86,149.53,150.32,49374
2024-01-30 21:00:00,149.39,150.33,147.83,148.66,14348
2024-01-30 22:00:00,148.88,149.35,148.77,149.03,11648
2024-01-30 23:00:00,147.85,148.18,147.46,147.48,38972
2024-01-31 00:00:00,148.38,149.19,148.13,148.93,44969
2024-01-31 01:00:00,153.11,153.39,151.38,152.68,39585
2024-01-31 02:00:00,151.47,151.49,149.76,150.49,28617
2024-01-31 03:00:00,152.29,152.51,151.68,152.04,40142
2024-01-31 04:00:00,147.88,148.16,147.47,148.09,17290
2024-01-31 05:00:00,151.64,152.06,150.97,151.73,43366
2024-01-31 06:00:00,151.77,152.7,151.68,152.25,45749
2024-01-31 07:00:00,148.18,148.83,147.81,147.84,17977
2024-01-31 08:00:00,147.12,147.28,146.17,146.85,42778
2024-01-31 09:00:00,145.32,146.56,144.68,145.21,20684
2024-01-31 10:00:00,152.7,153.05,150.79,152.07,45966
2024-01-31 11:00:00,151.3,152.17,150.72,150.81,27280
2024-01-31 12:00:00,151.39,151.59,150.42,150.59,38678
2024-01-31 13:00:00,151.93,152.15,151.19,151.41,30573
2024-01-31 14:00:00,153.73,154.96,153.7,154.29,49090
2024-01-31 15:00:00,154.73,155.18,153.02,153.06,12772
2024-01-31 16:00:00,148.59,148.94,146.56,148.7,39901
2024-01-31 17:00:00,153.77,155.52,153.19,153.21,16868
2024-01-31 18:00:00,156.95,157.33,155.99,156.07,29911
2024-01-31 19:00:00,153.7,154.04,153.21,154.04,49066
2024-01-31 20:00:00,157.19,158.83,157.15,157.56,34767
2024-01-31 21:00:00,153.31,153.63,153.17,153.31,10584
2024-01-31 22:00:00,156.64,157.55,155.92,156.69,26467
2024-01-31 23:00:00,152.85,153.27,152.58,153.2,19792
2024-02-01 00:00:00,149.5,149.87,148.78,149.67,13898
2024-02-01 01:00:00,150.41,151.96,149.72,150.9,29627
2024-02-01 02:00:00,154.02,154.11,153.63,153.89,12627
2024-02-01 03:00:00,155.03,155.96,154.74,155.65,13025
2024-02-01 04:00:00,151.54,151.84,150.56,151.33,19504
2024-02-01 05:00:00,150.91,151.79,150.81,151.19,23802
2024-02-01 06:00:00,150.58,150.82,150.55,150.57,20452
2024-02-01 07:00:00,145.73,146.54,145.2,146.5,19236
2024-02-01 08:00:00,142.36,142.89,141.76,142.78,35454
2024-02-01 09:00:00,145.27,145.31,144.9,145.19,12649
2024-02-01 10:00:00,142.97,143.39,142.52,142.96,14028
2024-02-01 11:00:00,142.31,143.92,142.28,143.54,10307
2024-02-01 12:00:00,143.56,143.57,143.52,143.54,38018
2024-02-01 13:00:00,144.08,144.28,143.51,144.26,36130
2024-02-01 14:00:00,143.62,143.93,143.08,143.47,17460
2024-02-01 15:00:00,142.71,143.14,142.68,142.74,21453
2024-02-01 16:00:00,144.61,144.99,144.11,144.15,20347
2024-02-01 17:00:00,144.4,144.44,144.25,144.41,49925
2024-02-01 18:00:00,141.13,142.36,140.89,141.58,36732
2024-02-01 19:00:00,140.25,140.91,140.13,140.65,30899
2024-02-01 20:00:00,141.18,141.88,140.33,140.58,30199
2024-02-01 21:00:00,142.8,143.19,141.85,142.57,31553
2024-02-01 22:00:00,144.61,144.66,143.9,144.61,45424
2024-02-01 23:00:00,142.24,143.29,141.8,142.54,46655
2024-02-02 00:00:00,140.86,141.7,140.56,140.8,33149
2024-02-02 01:00:00,140.61,140.77,139.58,140.73,17742
2024-02-02 02:00:00,143.35,144.81,142.95,143.25,27514
2024-02-02 03:00:00,136.19,136.39,135.6,135.89,11043
2024-02-02 04:00:00,139.63,140.44,138.78,139.91,13746
2024-02-02 05:00:00,141.47,141.77,140.64,141.65,45308
2024-02-02 06:00:00,143.71,144.9,143.59,143.68,26867
2024-02-02 07:00:00,149.33,150.02,149.06,149.98,25216
2024-02-02 08:00:00,151.56,151.77,150.99,151.11,44231
2024-02-02 09:00:00,150.23,150.76,149.47,150.35,14445
2024-02-02 10:00:00,150.79,152.42,150.78,151.7,32777
2024-02-02 11:00:00,149.52,150.08,148.74,150.04,37726
2024-02-02 12:00:00,151.44,151.83,151.03,151.69,32944
2024-02-02 13:00:00,156.36,156.46,156.15,156.39,10962
2024-02-02 14:00:00,154.05,154.86,153.98,154.53,23688
2024-02-02 15:00:00,156.94,157.12,155.62,156.74,45312
2024-02-02 16:00:00,150.08,150.82,150.06,150.79,15857
2024-02-02 17:00:00,154.15,155.29,153.72,154.31,30887
2024-02-02 18:00:00,152.79,153.74,152.24,152.45,49155
2024-02-02 19:00:00,150.42,152.63,149.96,151.62,26774
2024-02-02 20:00:00,149.92,150.43,149.8,150.15,16740
2024-02-02 21:00:00,149.27,149.82,148.89,149.54,38100
2024-02-02 22:00:00,147.52,148.3,147.27,147.61,17493
2024-02-02 23:00:00,153.73,155.79,153.03,154.51,31889
2024-02-03 00:00:00,155.31,157.86,155.01,157.25,29932
2024-02-03 01:00:00,156.17,156.17,155.68,155.78,46981
2024-02-03 02:00:00,159.11,159.66,157.87,159.14,20613
2024-02-03 03:00:00,161.61,161.68,161.35,161.56,45291
2024-02-03 04:00:00,156.94,157.49,156.43,157.42,38410
2024-02-03 05:00:00,157.99,159.01,157.65,158.87,21754
2024-02-03 06:00:00,158.2,158.51,158.07,158.31,33267
2024-02-03 07:00:00,158.78,158.99,157.4,158.07,25574
2024-02-03 08:00:00,157.67,159.66,157.23,157.78,21256
2024-02-03 09:00:00,156.11,156.48,155.38,156.24,21074
2024-02-03 10:00:00,149.22,149.54,149.19,149.35,25685
2024-02-03 11:00:00,149.38,150.58,149.37,150.53,40739
2024-02-03 12:00:00,158.67,158.79,156.61,157.08,37623
2024-02-03 13:00:00,156.67,158.69,156.06,156.31,14404
2024-02-03 14:00:00,156.1,159.11,155.92,157.63,26132
2024-02-03 15:00:00,156.63,156.9,156.18,156.78,17430
2024-02-03 16:00:00,157.16,157.95,157.1,157.6,12365
2024-02-03 17:00:00,153.32,154.01,153.25,153.92,26505
2024-02-03 18:00:00,153.12,154.02,152.94,153.09,20349
2024-02-03 19:00:00,158.35,158.63,157.97,158.6,12238
2024-02-03 20:00:00,158.72,158.75,158.41,158.64,36450
2024-02-03 21:00:00,158.04,158.54,158.03,158.48,33694
2024-02-03 22:00:00,157.22,157.6,157.04,157.36,23749
2024-02-03 23:00:00,152.69,152.92,152.52,152.58,38673
2024-02-04 00:00:00,158.4,158.92,157.0,158.75,35438
2024-02-04 01:00:00,163.4,164.23,163.34,164.05,46159
2024-02-04 02:00:00,169.65,170.67,169.21,170.0,41190
2024-02-04 03:00:00,175.88,176.75,175.07,175.51,34126
2024-02-04 04:00:00,179.44,179.94,177.48,177.96,29586
2024-02-04 05:00:00,178.33,180.76,178.13,178.64,11543
2024-02-04 06:00:00,182.43,184.03,182.08,183.3,36819
2024-02-04 07:00:00,185.77,186.76,183.43,186.24,34650
2024-02-04 08:00:00,185.11,185.69,183.71,185.04,11292
2024-02-04 09:00:00,179.71,180.78,179.6,180.63,34048
2024-02-04 10:00:00,176.8,177.18,175.52,176.71,22374
2024-02-04 11:00:00,175.94,176.73,175.49,176.29,14413
2024-02-04 12:00:00,170.83,173.12,170.49,172.59,35906
2024-02-04 13:00:00,171.96,174.75,171.63,173.54,32886
2024-02-04 14:00:00,170.91,170.97,169.85,170.93,49167
2024-02-04 15:00:00,172.29,172.97,172.06,172.95,47874
2024-02-04 16:00:00,177.1,177.87,176.99,177.06,42586
2024-02-04 17:00:00,180.14,181.64,179.8,180.02,19776
2024-02-04 18:00:00,180.61,180.88,180.5,180.56,44630
2024-02-04 19:00:00,188.75,190.89,187.85,189.47,11256
2024-02-04 20:00:00,187.25,187.91,187.14,187.86,16593
2024-02-04 21:00:00,183.94,184.79,182.98,183.2,24358
2024-02-04 22:00:00,181.82,181.97,180.82,181.05,47794
2024-02-04 23:00:00,178.58,179.85,177.3,178.53,45216
2024-02-05 00:00:00,176.07,178.25,175.92,176.69,37359
2024-02-05 01:00:00,181.89,182.12,181.83,182.09,27818
2024-02-05 02:00:00,184.32,186.51,184.08,186.14,23254
2024-02-05 03:00:00,182.75,183.46,182.2,182.42,11055
2024-02-05 04:00:00,187.83,187.95,187.08,187.87,35363
2024-02-05 05:00:00,185.68,187.24,185.2,187.05,21438
2024-02-05 06:00:00,184.66,185.47,184.6,184.63,40469
2024-02-05 07:00:00,186.57,186.92,185.06,186.54,47999
2024-02-05 08:00:00,185.39,186.8,185.35,186.55,20612
2024-02-05 09:00:00,178.94,179.25,178.39,178.55,48262
2024-02-05 10:00:00,177.38,178.28,177.27,177.59,37003
2024-02-05 11:00:00,185.02,185.48,183.98,184.62,47057
2024-02-05 12:00:00,184.08,185.48,183.72,184.84,26668
2024-02-05 13:00:00,189.29,189.43,186.39,187.65,25740
2024-02-05 14:00:00,190.77,191.5,190.7,190.72,15452
2024-02-05 15:00:00,200.85,202.68,199.25,201.08,41292
2024-02-05 16:00:00,204.35,204.74,203.69,204.25,26501
2024-02-05 17:00:00,203.84,204.22,202.68,204.0,17017
2024-02-05 18:00:00,208.15,208.74,205.97,206.17,46028
2024-02-05 19:00:00,207.59,208.33,207.13,208.08,19866
2024-02-05 20:00:00,205.84,206.3,204.85,204.98,41479
2024-02-05 21:00:00,208.88,209.69,207.08,207.98,33827
2024-02-05 22:00:00,208.46,208.93,207.66,208.41,20424
2024-02-05 23:00:00,211.13,211.9,211.05,211.27,46107
2024-02-06 00:00:00,209.44,210.74,208.96,210.67,45973
2024-02-06 01:00:00,206.59,207.18,206.22,206.64,28248
2024-02-06 02:00:00,207.68,209.05,206.19,208.73,17794
2024-02-06 03:00:00,216.82,216.93,215.74,215.93,45602
2024-02-06 04:00:00,219.91,220.0,218.44,218.47,41874
2024-02-06 05:00:00,213.6,213.83,212.06,213.46,13758
2024-02-06 06:00:00,208.62,211.07,208.39,210.1,10381
2024-02-06 07:00:00,206.43,206.46,206.43,206.43,42489
2024-02-06 08:00:00,206.63,206.68,206.33,206.63,27020
2024-02-06 09:00:00,203.53,204.22,203.4,203.54,24309
2024-02-06 10:00:00,202.2,203.0,202.1,202.88,21625
2024-02-06 11:00:00,202.84,204.22,201.56,203.84,44083
2024-02-06 12:00:00,210.49,211.25,210.42,210.65,24988
2024-02-06 13:00:00,210.51,212.72,209.58,209.84,31235
2024-02-06 14:00:00,210.96,211.34,209.59,210.5,13445
2024-02-06 15:00:00,210.61,212.02,210.56,211.17,26586
2024-02-06 16:00:00,215.5,216.49,214.66,215.35,39905
2024-02-06 17:00:00,218.0,220.31,217.89,219.81,42104
2024-02-06 18:00:00,225.28,228.33,224.55,227.4,18691
2024-02-06 19:00:00,227.48,227.98,227.02,227.07,30072
2024-02-06 20:00:00,228.75,229.47,228.72,228.81,39130
2024-02-06 21:00:00,232.36,232.63,229.43,229.77,28713
2024-02-06 22:00:00,225.83,226.5,225.17,225.32,20394
2024-02-06 23:00:00,227.47,227.81,224.43,224.74,37384
2024-02-07 00:00:00,231.73,231.89,230.49,231.07,48174
2024-02-07 01:00:00,221.37,221.75,219.91,221.13,22684
2024-02-07 02:00:00,206.72,207.8,206.66,207.67,21365
2024-02-07 03:00:00,205.66,205.93,204.49,205.62,25241
2024-02-07 04:00:00,208.5,209.27,207.59,208.51,36747
2024-02-07 05:00:00,204.98,205.33,204.85,205.06,32165
2024-02-07 06:00:00,207.88,207.94,206.94,207.91,37496
2024-02-07 07:00:00,207.85,208.05,205.73,206.59,37637
2024-02-07 08:00:00,206.68,207.88,206.32,206.64,25562
2024-02-07 09:00:00,204.45,204.94,203.37,204.18,12190
2024-02-07 10:00:00,201.09,201.44,200.29,201.24,44063
2024-02-07 11:00:00,195.95,197.64,195.1,195.52,36256
2024-02-07 12:00:00,201.27,201.94,200.41,201.87,49477
2024-02-07 13:00:00,202.7,202.72,202.64,202.72,12549
2024-02-07 14:00:00,205.38,206.56,204.9,205.2,40299
2024-02-07 15:00:00,200.48,201.69,199.08,200.37,24273
2024-02-07 16:00:00,197.71,199.08,197.15,198.77,49023
2024-02-07 17:00:00,199.42,199.59,198.92,199.17,21130
2024-02-07 18:00:00,194.86,196.45,193.85,194.4,25593
2024-02-07 19:00:00,197.02,198.42,196.6,197.33,16888
2024-02-07 20:00:00,194.63,195.63,193.96,195.49,20182
2024-02-07 21:00:00,192.38,193.5,191.45,193.02,11743
2024-02-07 22:00:00,192.1,192.45,191.86,191.9,38498
2024-02-07 23:00:00,192.53,193.13,191.66,192.27,38505
2024-02-08 00:00:00,185.77,186.39,184.42,185.63,30111
2024-02-08 01:00:00,181.9,182.43,180.87,181.57,49544
2024-02-08 02:00:00,184.95,185.16,184.74,184.97,38491
2024-02-08 03:00:00,178.94,180.66,178.73,178.76,17416
2024-02-08 04:00:00,177.32,178.67,177.16,177.92,12758
2024-02-08 05:00:00,180.9,181.11,180.64,180.82,43486
2024-02-08 06:00:00,180.08,181.63,179.45,180.3,48869
2024-02-08 07:00:00,186.7,187.18,185.27,186.85,11489
2024-02-08 08:00:00,178.49,179.06,177.36,177.65,38200
2024-02-08 09:00:00,177.67,181.43,177.6,178.19,46005
2024-02-08 10:00:00,169.41,169.85,168.18,168.26,42196
2024-02-08 11:00:00,175.3,175.78,173.67,174.45,25998
2024-02-08 12:00:00,174.51,175.09,174.45,174.67,20411
2024-02-08 13:00:00,176.75,177.41,175.58,176.45,27019
2024-02-08 14:00:00,168.87,169.04,168.3,168.4,13595
2024-02-08 15:00:00,171.6,172.43,171.45,172.39,43189
2024-02-08 16:00:00,169.28,171.07,169.0,169.49,40899
2024-02-08 17:00:00,168.88,169.83,168.55,169.25,20023
2024-02-08 18:00:00,167.49,167.57,167.08,167.27,17316
2024-02-08 19:00:00,170.11,170.34,169.45,169.45,18698
2024-02-08 20:00:00,174.75,175.01,174.68,174.84,46786
2024-02-08 21:00:00,168.82,169.3,167.98,168.64,49677
2024-02-08 22:00:00,168.75,169.33,168.38,168.51,42392
2024-02-08 23:00:00,172.35,173.33,172.22,173.04,23952
2024-02-09 00:00:00,176.39,176.5,173.05,175.67,47597
2024-02-09 01:00:00,172.35,172.99,171.86,172.0,40942
2024-02-09 02:00:00,174.47,174.71,172.75,173.45,10683
2024-02-09 03:00:00,176.43,177.2,175.32,177.07,42712
2024-02-09 04:00:00,179.42,180.21,179.21,179.38,31848
2024-02-09 05:00:00,174.13,176.13,173.88,175.58,32497
2024-02-09 06:00:00,172.65,172.87,172.12,172.67,25404
2024-02-09 07:00:00,176.36,176.54,175.32,176.52,14306
2024-02-09 08:00:00,176.5,176.53,176.15,176.39,28905
2024-02-09 09:00:00,181.41,182.14,180.5,181.44,10195
2024-02-09 10:00:00,184.06,184.16,181.15,183.61,31936
2024-02-09 11:00:00,184.64,184.84,183.98,184.55,24087
2024-02-09 12:00:00,194.91,195.11,194.33,194.75,23568
2024-02-09 13:00:00,190.82,191.42,190.6,191.38,26853
2024-02-09 14:00:00,187.33,188.19,186.84,187.08,16127
2024-02-09 15:00:00,192.63,193.2,191.38,192.71,25475
2024-02-09 16:00:00,191.84,194.65,191.84,193.54,41596
2024-02-09 17:00:00,194.5,195.14,193.83,194.19,21790
2024-02-09 18:00:00,198.27,198.74,197.5,198.58,35947
2024-02-09 19:00:00,195.18,196.51,195.05,195.57,45934
2024-02-09 20:00:00,198.07,198.95,197.18,198.2,46580
2024-02-09 21:00:00,199.63,199.7,196.18,197.68,31434
2024-02-09 22:00:00,201.2,201.76,201.08,201.4,39653
2024-02-09 23:00:00,193.28,194.7,192.88,193.57,46209
2024-02-10 00:00:00,187.65,189.09,187.52,187.61,34526
2024-02-10 01:00:00,189.38,190.4,189.3,189.53,22554
2024-02-10 02:00:00,195.51,196.38,195.06,195.66,19012
2024-02-10 03:00:00,194.2,196.92,193.92,196.62,36369
2024-02-10 04:00:00,197.41,198.4,196.28,196.77,15965
2024-02-10 05:00:00,203.75,204.2,201.69,203.46,15496
2024-02-10 06:00:00,199.67,200.39,199.59,199.6,46734
2024-02-10 07:00:00,200.13,200.54,199.05,200.48,34078
2024-02-10 08:00:00,204.16,205.76,204.12,205.72,45040
2024-02-10 09:00:00,197.22,197.5,196.76,197.39,41997
2024-02-10 10:00:00,197.05,198.81,196.88,197.93,14837
2024-02-10 11:00:00,195.66,196.11,194.97,195.41,44055
2024-02-10 12:00:00,195.92,197.66,195.08,196.97,49221
2024-02-10 13:00:00,201.17,201.73,200.38,201.47,42993
2024-02-10 14:00:00,196.85,198.31,196.52,197.98,22812
2024-02-10 15:00:00,202.48,202.53,201.5,202.49,42692
2024-02-10 16:00:00,202.16,203.17,201.65,202.02,19135
2024-02-10 17:00:00,201.26,201.68,200.84,200.92,43532
2024-02-10 18:00:00,195.63,196.9,195.02,196.64,42096
2024-02-10 19:00:00,197.46,198.05,197.35,197.87,40899
2024-02-10 20:00:00,197.05,197.85,196.8,197.18,22101
2024-02-10 21:00:00,197.63,197.91,196.88,197.65,27461
2024-02-10 22:00:00,194.36,195.12,192.96,194.55,42243
2024-02-10 23:00:00,194.4,195.19,191.6,194.04,48177
2024-02-11 00:00:00,190.2,190.83,190.2,190.68,41981
2024-02-11 01:00:00,193.48,194.53,193.17,193.36,46772
2024-02-11 02:00:00,192.36,194.12,192.27,193.98,16065
2024-02-11 03:00:00,195.11,196.95,195.09,196.45,26466
2024-02-11 04:00:00,190.7,192.56,189.69,191.59,40215
2024-02-11 05:00:00,189.68,190.27,188.68,189.85,46231
2024-02-11 06:00:00,191.02,191.31,191.02,191.02,42541
2024-02-11 07:00:00,190.61,190.64,189.96,190.03,37924
2024-02-11 08:00:00,184.07,184.45,183.68,184.25,30396
2024-02-11 09:00:00,194.58,195.23,193.84,194.1,13021
2024-02-11 10:00:00,190.62,191.35,190.02,190.06,45249
2024-02-11 11:00:00,193.09,193.67,191.3,193.47,21898
2024-02-11 12:00:00,186.0,186.1,185.93,186.1,15739
2024-02-11 13:00:00,185.02,185.03,184.62,184.78,17156
2024-02-11 14:00:00,183.44,183.73,183.05,183.18,37790
2024-02-11 15:00:00,184.13,184.62,183.3,183.87,49894
2024-02-11 16:00:00,180.92,182.67,180.62,182.16,48467
2024-02-11 17:00:00,183.84,184.46,183.76,184.03,16886
2024-02-11 18:00:00,181.04,181.53,180.78,181.28,15208
2024-02-11 19:00:00,178.34,178.34,177.81,177.98,31768
2024-02-11 20:00:00,182.86,183.35,182.61,182.9,13336
2024-02-11 21:00:00,191.15,192.26,190.9,191.49,13699
2024-02-11 22:00:00,196.66,196.92,196.5,196.91,35836
2024-02-11 23:00:00,197.27,198.03,196.05,196.93,13828
2024-02-12 00:00:00,194.63,194.66,192.7,194.28,17998
2024-02-12 01:00:00,189.44,190.19,189.33,189.62,15578
2024-02-12 02:00:00,187.45,188.0,186.56,186.73,17839
2024-02-12 03:00:00,188.43,188.96,187.06,187.26,17859
2024-02-12 04:00:00,184.73,185.12,184.36,184.43,13677
2024-02-12 05:00:00,183.15,183.94,182.94,183.39,32705
2024-02-12 06:00:00,184.43,184.75,184.17,184.5,35751
2024-02-12 07:00:00,177.53,179.37,177.24,177.83,31678
2024-02-12 08:00:00,181.73,181.83,181.47,181.79,48287
2024-02-12 09:00:00,175.4,176.7,173.83,176.3,32416
2024-02-12 10:00:00,177.45,177.96,175.33,176.06,39061
2024-02-12 11:00:00,176.54,177.18,175.42,176.27,21534
2024-02-12 12:00:00,171.83,172.78,170.58,171.43,18790
2024-02-12 13:00:00,170.64,170.89,169.52,169.84,33376
2024-02-12 14:00:00,167.66,168.02,165.62,165.88,37939
2024-02-12 15:00:00,171.28,172.23,170.74,170.77,17134
2024-02-12 16:00:00,173.9,174.12,172.84,173.67,32377
2024-02-12 17:00:00,172.75,173.49,171.85,172.11,48586
2024-02-12 18:00:00,179.52,181.72,178.31,178.89,31806
2024-02-12 19:00:00,184.84,185.42,183.11,185.24,27051
2024-02-12 20:00:00,187.99,189.81,187.51,187.77,16857
2024-02-12 21:00:00,189.88,190.78,189.34,189.66,34764
2024-02-12 22:00:00,193.39,193.79,192.75,193.67,16620
2024-02-12 23:00:00,196.92,199.26,196.7,198.83,33549
2024-02-13 00:00:00,196.62,197.12,195.62,196.7,14419
2024-02-13 01:00:00,191.05,192.62,189.89,192.27,21510
2024-02-13 02:00:00,190.34,190.87,190.01,190.27,22608
2024-02-13 03:00:00,190.18,190.22,189.41,189.68,23829
2024-02-13 04:00:00,188.47,190.04,188.14,189.9,26088
2024-02-13 05:00:00,192.59,194.06,191.73,192.39,40707
2024-02-13 06:00:00,202.79,202.84,201.84,201.86,11975
2024-02-13 07:00:00,196.31,198.89,195.17,195.37,46770
2024-02-13 08:00:00,193.01,194.34,192.43,194.19,45305
2024-02-13 09:00:00,187.75,189.58,186.78,189.08,39891
2024-02-13 10:00:00,185.68,185.86,184.08,184.76,38571
2024-02-13 11:00:00,189.22,190.5,188.87,190.46,25042
2024-02-13 12:00:00,193.33,193.47,192.81,192.93,48636
2024-02-13 13:00:00,190.82,192.19,190.14,191.39,49336
2024-02-13 14:00:00,193.89,195.64,193.38,194.98,35740
2024-02-13 15:00:00,197.45,198.12,197.13,197.69,44081
2024-02-13 16:00:00,203.54,203.86,202.3,202.93,21105
2024-02-13 17:00:00,201.27,202.31,201.13,201.28,33330
2024-02-13 18:00:00,194.61,195.94,194.04,195.01,25954
2024-02-13 19:00:00,191.93,192.01,190.87,191.74,17509
2024-02-13 20:00:00,187.89,189.38,187.54,189.3,43315
2024-02-13 21:00:00,182.06,182.23,179.78,180.41,24081
2024-02-13 22:00:00,186.87,188.11,186.8,187.53,29020
2024-02-13 23:00:00,185.28,185.86,185.14,185.32,28693
2024-02-14 00:00:00,184.92,185.24,183.58,185.18,24549
2024-02-14 01:00:00,188.19,189.51,186.93,187.61,10453
2024-02-14 02:00:00,178.31,178.96,177.8,178.33,30822
2024-02-14 03:00:00,176.35,177.3,176.04,176.99,47394
2024-02-14 04:00:00,173.85,174.25,172.85,173.61,13987
2024-02-14 05:00:00,176.54,178.23,175.44,175.64,29473
2024-02-14 06:00:00,170.06,171.27,169.85,170.33,47602
2024-02-14 07:00:00,170.65,171.38,170.49,171.38,39261
2024-02-14 08:00:00,174.41,174.52,173.18,173.5,42397
2024-02-14 09:00:00,175.24,175.84,175.13,175.66,21002
2024-02-14 10:00:00,171.61,173.09,171.37,172.05,40238
2024-02-14 11:00:00,173.66,173.87,171.41,172.15,22864
2024-02-14 12:00:00,174.74,174.98,173.76,174.4,44578
2024-02-14 13:00:00,183.08,183.3,182.43,182.79,24795
2024-02-14 14:00:00,186.3,187.3,186.18,186.62,19762
2024-02-14 15:00:00,185.92,186.58,183.48,184.37,19783
2024-02-14 16:00:00,182.91,184.42,182.73,183.12,28082
2024-02-14 17:00:00,184.6,185.07,184.53,184.87,30949
2024-02-14 18:00:00,184.1,185.39,182.87,184.55,41535
2024-02-14 19:00:00,186.53,187.44,186.02,187.34,42854
2024-02-14 20:00:00,190.16,190.32,189.07,189.19,40519
2024-02-14 21:00:00,186.6,186.95,185.87,186.03,32671
2024-02-14 22:00:00,190.05,191.65,189.89,191.33,30282
2024-02-14 23:00:00,189.42,189.61,186.95,187.95,18031
2024-02-15 00:00:00,189.14,190.01,188.74,189.1,39928
2024-02-15 01:00:00,191.57,192.08,191.07,191.89,41046
2024-02-15 02:00:00,189.18,190.08,188.16,188.31,45209
2024-02-15 03:00:00,191.61,192.05,191.08,191.42,23780
2024-02-15 04:00:00,193.41,194.02,191.61,191.86,10310
2024-02-15 05:00:00,190.29,191.09,188.3,189.98,44735
2024-02-15 06:00:00,186.4,186.73,183.73,184.06,35376
2024-02-15 07:00:00,191.47,192.06,190.48,191.93,34227
2024-02-15 08:00:00,189.26,189.89,188.65,189.66,10026
2024-02-15 09:00:00,178.57,180.05,178.37,179.64,25670
2024-02-15 10:00:00,179.05,179.18,177.63,178.06,21917
2024-02-15 11:00:00,176.67,176.95,175.43,175.71,29879
2024-02-15 12:00:00,174.08,174.4,172.2,173.56,26439
2024-02-15 13:00:00,169.79,169.89,168.73,169.69,42968
2024-02-15 14:00:00,170.25,170.66,169.13,170.64,34667
2024-02-15 15:00:00,169.12,169.43,168.61,169.02,13022
2024-02-15 16:00:00,170.45,171.04,170.19,170.3,28301
2024-02-15 17:00:00,171.46,173.36,171.19,171.84,12886
2024-02-15 18:00:00,168.2,168.77,168.16,168.71,46798
2024-02-15 19:00:00,167.56,167.73,167.54,167.65,47455
2024-02-15 20:00:00,170.38,170.39,168.61,169.32,43391
2024-02-15 21:00:00,162.94,164.08,162.84,162.86,38453
2024-02-15 22:00:00,161.87,163.35,161.24,162.65,43562
2024-02-15 23:00:00,162.74,162.98,161.98,162.68,10382
2024-02-16 00:00:00,160.15,160.25,160.0,160.1,35391
2024-02-16 01:00:00,157.18,158.5,156.42,156.9,28291
2024-02-16 02:00:00,165.05,165.14,163.87,164.75,12340
2024-02-16 03:00:00,160.67,162.21,160.53,161.37,24981
2024-02-16 04:00:00,156.12,156.57,154.91,154.96,45810
2024-02-16 05:00:00,157.86,158.47,156.97,157.26,25009
2024-02-16 06:00:00,154.6,155.0,154.24,154.42,40543
2024-02-16 07:00:00,154.52,155.12,154.01,154.72,34558
2024-02-16 08:00:00,150.89,151.27,150.6,150.96,18191
2024-02-16 09:00:00,148.05,149.16,147.15,147.96,29812
2024-02-16 10:00:00,141.19,141.61,140.67,140.68,34070
2024-02-16 11:00:00,139.04,139.11,137.32,138.17,21355
2024-02-16 12:00:00,132.34,133.64,132.19,132.74,45025
2024-02-16 13:00:00,135.73,136.15,135.37,135.83,26424
2024-02-16 14:00:00,138.28,138.65,137.85,138.26,30473
2024-02-16 15:00:00,138.44,139.76,138.24,138.31,27299
2024-02-16 16:00:00,135.16,135.61,133.72,134.1,34956
2024-02-16 17:00:00,132.58,133.67,132.45,133.47,11231
2024-02-16 18:00:00,133.26,134.51,133.13,133.19,47745
2024-02-16 19:00:00,137.61,137.69,136.2,136.47,40613
2024-02-16 20:00:00,137.97,139.11,137.68,138.23,12901
2024-02-16 21:00:00,137.17,137.39,136.89,137.14,27466
2024-02-16 22:00:00,139.87,140.37,139.76,139.82,28400
2024-02-16 23:00:00,133.07,133.1,132.92,132.96,13542
2024-02-17 00:00:00,131.0,131.56,130.31,131.03,41858
2024-02-17 01:00:00,133.0,133.73,131.51,131.91,13288
2024-02-17 02:00:00,136.01,136.62,135.14,135.83,33666
2024-02-17 03:00:00,134.25,134.7,133.02,134.6,29570
2024-02-17 04:00:00,137.71,137.87,136.67,137.07,38514
2024-02-17 05:00:00,138.5,139.45,138.41,138.49,23853
2024-02-17 06:00:00,140.51,140.69,139.37,140.46,40490
2024-02-17 07:00:00,137.95,138.54,137.72,138.36,29618
2024-02-17 08:00:00,138.58,139.0,137.91,138.67,26513
2024-02-17 09:00:00,138.36,138.91,138.15,138.53,30426
2024-02-17 10:00:00,140.62,141.52,140.2,140.74,28913
2024-02-17 11:00:00,142.88,144.89,142.73,144.67,40437
2024-02-17 12:00:00,141.6,142.37,141.39,142.05,35815
2024-02-17 13:00:00,141.62,142.42,141.61,142.4,49633
2024-02-17 14:00:00,138.7,139.45,138.39,139.12,45831
2024-02-17 15:00:00,141.83,142.46,141.79,141.8,14545
2024-02-17 16:00:00,140.47,142.03,139.98,140.29,31238
2024-02-17 17:00:00,144.59,144.71,144.0,144.54,22501
2024-02-17 18:00:00,146.52,147.06,145.46,145.93,12778
2024-02-17 19:00:00,145.66,146.47,145.27,145.56,33422
2024-02-17 20:00:00,143.46,143.78,142.85,143.77,42174
2024-02-17 21:00:00,141.57,141.83,141.17,141.34,39631
2024-02-17 22:00:00,141.08,142.23,140.94,141.96,46597
2024-02-17 23:00:00,144.41,145.8,144.3,144.69,29378
2024-02-18 00:00:00,143.09,143.11,142.86,142.9,38133
2024-02-18 01:00:00,143.72,144.23,142.47,142.64,15074
2024-02-18 02:00:00,141.25,142.01,140.82,141.74,43282
2024-02-18 03:00:00,141.94,143.31,141.49,142.43,44249
2024-02-18 04:00:00,146.6,147.19,146.22,146.59,35106
2024-02-18 05:00:00,147.73,148.08,146.6,146.68,45781
2024-02-18 06:00:00,144.36,144.94,143.64,144.2,13212
2024-02-18 07:00:00,145.81,145.98,145.64,145.69,43819
2024-02-18 08:00:00,144.71,144.91,144.7,144.82,46729
2024-02-18 09:00:00,146.78,146.8,146.03,146.06,16760
2024-02-18 10:00:00,146.02,146.12,144.94,145.19,30676
2024-02-18 11:00:00,146.62,147.57,146.26,146.49,30846
2024-02-18 12:00:00,146.37,146.53,145.83,145.84,45578
2024-02-18 13:00:00,146.09,146.09,145.36,145.52,11653
2024-02-18 14:00:00,143.73,145.53,143.72,145.06,11364
2024-02-18 15:00:00,145.99,146.25,145.71,146.25,44463
2024-02-18 16:00:00,147.75,148.88,147.58,148.56,22477
2024-02-18 17:00:00,152.83,153.11,152.68,152.83,14795
2024-02-18 18:00:00,155.34,155.43,153.37,153.47,39744
2024-02-18 19:00:00,152.28,154.28,152.2,152.66,39657
2024-02-18 20:00:00,152.24,152.43,152.18,152.26,16207
2024-02-18 21:00:00,154.09,154.21,153.65,153.84,11560
2024-02-18 22:00:00,157.95,158.23,157.57,158.05,35050
2024-02-18 23:00:00,161.4,161.74,161.02,161.34,43541
2024-02-19 00:00:00,153.82,154.76,153.49,154.46,34777
2024-02-19 01:00:00,155.35,155.6,154.1,155.17,26900
2024-02-19 02:00:00,157.17,157.92,156.29,157.84,26054
2024-02-19 03:00:00,157.1,158.6,156.86,156.87,37400
2024-02-19 04:00:00,163.29,163.89,162.08,162.34,35807
2024-02-19 05:00:00,156.62,157.08,156.55,156.85,13449
2024-02-19 06:00:00,155.93,156.92,155.01,155.98,18875
2024-02-19 07:00:00,158.03,159.1,157.76,157.82,39578
2024-02-19 08:00:00,156.53,156.97,156.28,156.61,10581
2024-02-19 09:00:00,154.79,155.11,154.49,155.05,10313
2024-02-19 10:00:00,156.8,157.01,155.83,155.89,25128
2024-02-19 11:00:00,155.98,156.12,154.48,156.0,14922
2024-02-19 12:00:00,168.26,169.59,167.4,167.77,16500
2024-02-19 13:00:00,171.87,172.35,171.17,171.39,12736
2024-02-19 14:00:00,170.83,171.58,170.52,171.14,32964
2024-02-19 15:00:00,169.21,169.64,169.19,169.3,18903
2024-02-19 16:00:00,165.62,165.76,165.04,165.1,19896
2024-02-19 17:00:00,161.49,162.44,160.67,160.81,32490
2024-02-19 18:00:00,161.63,163.79,161.57,162.67,12640
2024-02-19 19:00:00,163.52,164.0,163.45,163.72,39457
2024-02-19 20:00:00,168.58,168.86,168.15,168.79,41386
2024-02-19 21:00:00,167.58,169.43,167.48,168.74,21276
2024-02-19 22:00:00,165.63,166.46,165.56,165.76,39619
2024-02-19 23:00:00,163.48,163.83,163.37,163.7,38406
2024-02-20 00:00:00,166.1,166.41,164.65,166.01,35170
2024-02-20 01:00:00,169.42,172.34,169.11,169.36,18328
2024-02-20 02:00:00,171.31,171.61,170.79,171.32,26293
2024-02-20 03:00:00,172.51,173.4,171.38,172.95,27223
2024-02-20 04:00:00,176.48,176.53,174.86,175.9,27988
2024-02-20 05:00:00,180.29,182.2,178.94,181.91,33757
2024-02-20 06:00:00,190.77,191.29,190.27,190.57,17620
2024-02-20 07:00:00,187.56,188.61,186.91,188.5,44816
2024-02-20 08:00:00,185.91,186.17,184.26,185.64,26693
2024-02-20 09:00:00,185.13,185.25,184.51,184.69,46128
2024-02-20 10:00:00,188.23,188.67,186.95,187.89,35352
2024-02-20 11:00:00,191.33,193.22,190.11,191.97,48967
2024-02-20 12:00:00,200.67,201.13,200.58,200.74,43315
2024-02-20 13:00:00,204.82,205.8,204.24,205.57,31796
2024-02-20 14:00:00,203.43,204.14,203.35,203.77,21688
2024-02-20 15:00:00,200.59,200.71,199.61,200.07,38534
2024-02-20 16:00:00,196.25,197.26,195.76,197.0,29863
2024-02-20 17:00:00,191.63,192.8,190.83,192.03,46230
2024-02-20 18:00:00,191.3,192.17,191.08,191.38,18097
2024-02-20 19:00:00,188.05,189.26,186.93,187.12,30780
2024-02-20 20:00:00,183.69,184.17,182.4,184.08,11008
2024-02-20 21:00:00,178.36,178.69,177.4,177.84,44530
2024-02-20 22:00:00,178.09,178.73,176.21,176.75,10373
2024-02-20 23:00:00,174.91,175.97,173.42,173.73,17486
2024-02-21 00:00:00,172.69,174.17,171.7,172.69,28059
2024-02-21 01:00:00,176.63,177.78,176.32,177.74,47377
2024-02-21 02:00:00,180.54,181.73,180.43,180.88,36420
2024-02-21 03:00:00,176.37,177.75,176.03,177.08,43317
2024-02-21 04:00:00,179.36,179.54,178.16,179.53,46043
2024-02-21 05:00:00,181.05,182.74,180.8,181.81,16965
2024-02-21 06:00:00,183.48,183.9,182.11,183.28,36782
2024-02-21 07:00:00,182.57,183.81,181.52,183.28,14109
2024-02-21 08:00:00,182.09,183.14,180.39,182.46,44470
2024-02-21 09:00:00,178.39,179.11,176.91,178.96,37154
2024-02-21 10:00:00,177.7,177.77,177.09,177.54,22411
2024-02-21 11:00:00,172.51,172.53,172.4,172.44,46883
2024-02-21 12:00:00,170.55,171.55,170.43,170.93,48188
2024-02-21 13:00:00,174.47,175.71,174.35,174.83,35473
2024-02-21 14:00:00,174.69,175.87,173.79,173.86,27221
2024-02-21 15:00:00,170.93,171.39,170.62,171.14,30596
2024-02-21 16:00:00,170.46,170.58,170.18,170.31,23650
2024-02-21 17:00:00,170.37,170.71,170.32,170.57,18746
2024-02-21 18:00:00,172.25,173.42,171.83,172.7,45708
2024-02-21 19:00:00,175.6,176.2,175.42,175.83,18106
2024-02-21 20:00:00,177.28,177.3,176.19,177.27,27502
2024-02-21 21:00:00,175.62,176.87,175.47,175.55,47087
2024-02-21 22:00:00,171.67,171.85,170.67,171.59,11385
2024-02-21 23:00:00,171.57,171.91,170.26,171.3,29322
2024-02-22 00:00:00,166.49,168.68,165.75,166.07,36547
2024-02-22 01:00:00,168.24,169.21,167.48,168.31,31126
2024-02-22 02:00:00,166.18,167.35,165.75,167.06,45861
2024-02-22 03:00:00,163.45,163.51,162.5,163.17,15796
2024-02-22 04:00:00,162.74,162.76,162.6,162.75,45848
2024-02-22 05:00:00,159.6,160.43,158.73,159.44,20758
2024-02-22 06:00:00,156.65,157.66,156.34,157.58,23815
2024-02-22 07:00:00,154.91,155.14,154.79,154.81,40325
2024-02-22 08:00:00,154.04,155.06,152.89,154.33,16724
2024-02-22 09:00:00,155.1,156.36,154.99,155.54,21456
2024-02-22 10:00:00,149.6,151.09,147.86,148.95,10735
2024-02-22 11:00:00,151.86,152.11,150.74,151.51,17142
2024-02-22 12:00:00,155.19,155.81,153.95,155.61,41161
2024-02-22 13:00:00,154.21,154.26,153.1,154.1,20242
2024-02-22 14:00:00,155.95,156.14,155.5,155.83,20507
2024-02-22 15:00:00,155.16,155.59,154.17,155.47,17706
2024-02-22 16:00:00,159.24,159.43,158.15,158.33,37341
2024-02-22 17:00:00,156.47,157.2,155.98,156.08,23029
2024-02-22 18:00:00,157.41,157.67,157.34,157.55,43803
2024-02-22 19:00:00,155.17,155.89,153.91,155.74,28876
2024-02-22 20:00:00,158.47,159.8,157.29,159.09,26708
2024-02-22 21:00:00,159.35,159.46,157.71,159.31,26397
2024-02-22 22:00:00,162.7,162.87,161.64,161.92,23108
2024-02-22 23:00:00,167.32,167.93,165.85,166.01,10940
2024-02-23 00:00:00,161.9,162.26,161.71,161.8,48645
2024-02-23 01:00:00,163.99,165.51,163.01,164.3,39715
2024-02-23 02:00:00,162.91,163.3,162.46,163.06,24934
2024-02-23 03:00:00,166.82,167.26,166.57,166.61,25798
2024-02-23 04:00:00,163.22,164.21,162.91,163.01,29735
2024-02-23 05:00:00,169.25,170.4,167.95,169.93,34694
2024-02-23 06:00:00,172.75,172.9,171.96,172.75,47543
2024-02-23 07:00:00,172.07,173.27,171.68,172.6,36402
2024-02-23 08:00:00,168.66,169.3,168.62,168.8,44178
2024-02-23 09:00:00,164.66,165.58,164.33,164.91,41501
2024-02-23 10:00:00,163.58,163.61,163.29,163.44,48735
2024-02-23 11:00:00,163.84,164.56,163.48,163.58,41142
2024-02-23 12:00:00,165.92,165.95,165.79,165.8,46111
2024-02-23 13:00:00,166.09,167.4,165.11,166.86,32932
2024-02-23 14:00:00,171.03,171.66,170.42,170.71,33873
2024-02-23 15:00:00,168.46,168.51,168.15,168.18,11160
2024-02-23 16:00:00,167.11,168.52,166.25,168.2,43099
2024-02-23 17:00:00,163.67,163.75,162.8,163.08,32600
2024-02-23 18:00:00,165.89,166.31,165.51,165.75,13679
2024-02-23 19:00:00,162.25,162.39,160.7,162.33,13301
2024-02-23 20:00:00,159.52,159.79,158.63,158.75,27998
2024-02-23 21:00:00,160.4,160.98,159.45,160.89,33390
2024-02-23 22:00:00,159.4,159.48,159.07,159.31,13909
2024-02-23 23:00:00,158.03,158.69,157.52,157.78,13410
2024-02-24 00:00:00,160.31,160.99,160.24,160.97,23539
2024-02-24 01:00:00,163.08,163.19,161.35,163.02,44703
2024-02-24 02:00:00,168.89,168.99,168.4,168.69,41486
2024-02-24 03:00:00,170.01,173.61,169.99,171.94,23828
2024-02-24 04:00:00,171.39,171.66,170.29,171.31,39297
2024-02-24 05:00:00,166.28,166.85,165.3,165.86,11940
2024-02-24 06:00:00,169.14,169.52,168.49,169.48,22271
2024-02-24 07:00:00,169.66,170.5,169.29,169.29,20248
2024-02-24 08:00:00,172.65,174.03,172.61,173.24,31799
2024-02-24 09:00:00,178.13,178.75,177.66,178.27,34694
2024-02-24 10:00:00,181.26,181.54,180.41,180.73,32407
2024-02-24 11:00:00,182.45,184.53,181.87,183.94,21596
2024-02-24 12:00:00,181.18,181.59,180.61,180.91,18459
2024-02-24 13:00:00,182.11,182.69,180.63,180.97,44086
2024-02-24 14:00:00,188.41,188.66,188.4,188.56,30945
2024-02-24 15:00:00,184.23,184.75,183.35,184.52,38879
2024-02-24 16:00:00,192.14,192.27,190.75,192.21,40802
2024-02-24 17:00:00,198.47,199.65,198.07,199.03,23137
2024-02-24 18:00:00,198.09,198.2,197.57,198.15,49675
2024-02-24 19:00:00,199.85,200.08,199.24,199.66,18135
2024-02-24 20:00:00,199.34,200.48,198.91,199.62,42945
2024-02-24 21:00:00,200.26,200.78,199.96,200.57,30072
2024-02-24 22:00:00,207.87,208.71,207.79,208.65,19299
2024-02-24 23:00:00,208.84,210.01,206.93,207.02,42403
2024-02-25 00:00:00,206.82,207.51,206.81,206.89,21216
2024-02-25 01:00:00,217.77,218.49,215.83,217.64,23668
2024-02-25 02:00:00,212.24,213.44,211.71,213.28,46228
2024-02-25 03:00:00,214.85,216.2,214.37,215.41,33282
2024-02-25 04:00:00,218.61,218.76,218.44,218.67,15155
2024-02-25 05:00:00,213.73,214.45,213.08,213.55,13985
2024-02-25 06:00:00,218.07,219.05,217.46,217.51,11640
2024-02-25 07:00:00,212.71,213.76,212.24,212.54,14598
2024-02-25 08:00:00,215.15,215.74,214.33,215.58,45459
2024-02-25 09:00:00,209.92,210.24,209.42,209.88,30566
2024-02-25 10:00:00,208.4,208.69,207.8,208.58,27385
2024-02-25 11:00:00,206.68,209.44,205.11,205.69,41799
2024-02-25 12:00:00,209.18,209.35,208.7,209.14,11069
2024-02-25 13:00:00,208.26,208.91,207.79,208.24,20751
2024-02-25 14:00:00,208.39,208.71,206.74,207.39,33279
2024-02-25 15:00:00,212.07,212.2,210.38,210.8,29976
2024-02-25 16:00:00,216.4,217.29,216.02,216.58,37202
2024-02-25 17:00:00,213.12,214.83,213.0,213.32,20070
2024-02-25 18:00:00,215.02,215.95,214.32,215.07,26318
2024-02-25 19:00:00,216.51,217.51,216.41,216.88,34111
2024-02-25 20:00:00,216.23,216.74,214.31,216.41,48880
2024-02-25 21:00:00,215.21,215.71,214.92,215.31,18116
2024-02-25 22:00:00,213.03,213.36,211.92,212.85,47002
2024-02-25 23:00:00,212.09,213.77,211.94,212.51,28862
2024-02-26 00:00:00,216.13,216.18,215.78,215.92,25374
2024-02-26 01:00:00,224.01,224.51,223.5,223.76,37218
2024-02-26 02:00:00,222.63,223.12,222.15,222.24,44757
2024-02-26 03:00:00,221.56,223.51,221.23,221.8,36479
2024-02-26 04:00:00,222.98,224.47,222.39,223.64,20541
2024-02-26 05:00:00,215.29,218.03,215.13,216.09,10215
2024-02-26 06:00:00,218.9,219.54,217.48,218.15,19008
2024-02-26 07:00:00,223.73,223.87,222.71,223.14,20075
2024-02-26 08:00:00,220.49,220.66,218.81,219.18,30131
2024-02-26 09:00:00,220.33,221.2,220.29,220.49,36134
2024-02-26 10:00:00,220.12,221.49,219.9,221.42,16093
2024-02-26 11:00:00,216.86,217.83,215.04,215.73,10264
2024-02-26 12:00:00,214.59,214.8,213.71,214.19,35926
2024-02-26 13:00:00,215.15,215.24,214.7,214.82,35471
2024-02-26 14:00:00,220.54,221.23,218.9,220.34,30493
2024-02-26 15:00:00,213.0,213.65,212.09,212.22,23148
2024-02-26 16:00:00,207.8,208.27,206.46,207.84,33394
2024-02-26 17:00:00,215.17,215.83,214.27,214.37,36572
2024-02-26 18:00:00,209.81,210.33,209.05,209.91,25752
2024-02-26 19:00:00,206.33,207.02,205.64,205.8,41955
2024-02-26 20:00:00,205.93,206.18,204.61,206.07,12529
2024-02-26 21:00:00,208.37,208.88,208.2,208.21,28927
2024-02-26 22:00:00,212.85,213.33,212.82,212.83,38320
2024-02-26 23:00:00,215.31,215.37,213.63,214.81,26957
2024-02-27 00:00:00,223.06,224.93,221.81,222.53,47201
2024-02-27 01:00:00,227.98,229.03,227.66,228.17,43841
2024-02-27 02:00:00,226.09,226.16,225.69,226.02,13252
2024-02-27 03:00:00,221.47,223.21,220.66,222.09,13929
2024-02-27 04:00:00,220.37,221.58,220.24,220.52,35443
2024-02-27 05:00:00,218.41,221.61,217.55,218.14,32454
2024-02-27 06:00:00,221.14,223.65,221.12,221.85,43330
2024-02-27 07:00:00,227.12,227.69,226.37,227.52,17654
2024-02-27 08:00:00,229.51,233.16,228.83,230.34,17390
2024-02-27 09:00:00,229.35,229.65,229.08,229.31,49525
2024-02-27 10:00:00,228.53,229.77,228.35,228.71,25266
2024-02-27 11:00:00,225.73,227.49,225.38,226.08,46863
2024-02-27 12:00:00,227.61,227.85,226.84,227.79,38422
2024-02-27 13:00:00,224.36,225.37,224.18,224.73,30229
2024-02-27 14:00:00,219.84,220.73,219.14,220.5,10573
2024-02-27 15:00:00,222.5,222.73,219.12,221.62,13756
2024-02-27 16:00:00,214.25,214.94,213.93,214.71,12636
2024-02-27 17:00:00,220.05,220.79,218.22,220.76,23032
2024-02-27 18:00:00,213.56,213.81,213.39,213.77,20809
2024-02-27 19:00:00,215.69,216.08,213.92,215.37,31128
2024-02-27 20:00:00,215.26,215.97,215.21,215.82,21543
2024-02-27 21:00:00,216.96,218.93,216.01,217.21,13885
2024-02-27 22:00:00,218.53,219.51,218.49,219.44,42456
2024-02-27 23:00:00,219.39,219.7,217.31,218.1,31657
2024-02-28 00:00:00,218.54,219.24,218.19,219.13,23036
2024-02-28 01:00:00,210.56,211.93,209.59,211.08,11765
2024-02-28 02:00:00,216.36,217.02,215.52,216.69,25150
2024-02-28 03:00:00,222.1,222.25,220.12,221.4,40449
2024-02-28 04:00:00,224.11,225.18,223.81,223.86,21633
2024-02-28 05:00:00,211.16,212.06,210.98,211.77,22017
2024-02-28 06:00:00,208.94,209.09,207.88,208.34,23671
2024-02-28 07:00:00,207.19,208.32,207.01,208.05,29024
2024-02-28 08:00:00,207.3,207.79,207.21,207.34,14747
2024-02-28 09:00:00,204.13,204.45,202.76,203.45,48490
2024-02-28 10:00:00,201.26,201.27,200.69,200.81,42237
2024-02-28 11:00:00,189.1,189.4,189.02,189.04,40461
2024-02-28 12:00:00,197.74,198.75,196.7,198.24,29424
2024-02-28 13:00:00,199.67,200.49,199.13,199.14,48804
2024-02-28 14:00:00,195.21,196.86,193.68,195.15,12103
2024-02-28 15:00:00,192.05,192.2,191.2,192.03,30648
2024-02-28 16:00:00,193.57,193.73,191.36,191.69,46131
2024-02-28 17:00:00,191.84,192.13,190.4,191.33,20718
2024-02-28 18:00:00,185.51,186.17,185.41,185.66,39288
2024-02-28 19:00:00,181.95,182.09,181.08,181.47,36610
2024-02-28 20:00:00,179.65,180.99,179.25,180.39,12348
2024-02-28 21:00:00,174.4,175.12,173.56,174.56,48759
2024-02-28 22:00:00,173.67,176.27,173.21,175.66,36049
2024-02-28 23:00:00,174.54,175.5,173.92,174.35,31528
2024-02-29 00:00:00,167.38,169.49,167.04,168.76,31437
2024-02-29 01:00:00,166.65,166.99,166.53,166.62,35122
2024-02-29 02:00:00,164.55,164.63,162.98,163.99,32114
2024-02-29 03:00:00,157.18,157.3,156.3,156.56,42388
2024-02-29 04:00:00,158.93,159.43,158.22,159.04,17774
2024-02-29 05:00:00,157.45,157.74,157.2,157.28,28141
2024-02-29 06:00:00,158.77,159.23,158.08,158.16,37736
2024-02-29 07:00:00,161.24,161.32,160.96,161.04,38691
2024-02-29 08:00:00,161.41,162.9,161.41,161.87,36890
2024-02-29 09:00:00,162.0,162.55,160.6,160.83,43357
2024-02-29 10:00:00,155.76,155.82,155.41,155.48,44844
2024-02-29 11:00:00,152.62,153.44,150.9,151.51,40100
2024-02-29 12:00:00,155.61,155.67,155.59,155.62,42278
2024-02-29 13:00:00,156.62,158.65,156.59,158.12,31036
2024-02-29 14:00:00,158.16,158.73,157.67,158.03,24701
2024-02-29 15:00:00,161.78,162.54,160.9,161.01,18381
2024-02-29 16:00:00,159.75,159.87,158.88,159.34,10869
2024-02-29 17:00:00,163.04,163.49,162.47,163.08,27876
2024-02-29 18:00:00,163.56,163.94,162.96,163.24,35603
2024-02-29 19:00:00,163.6,164.45,163.38,163.39,40708
2024-02-29 20:00:00,169.58,169.68,169.44,169.58,19280
2024-02-29 21:00:00,173.6,174.27,172.49,173.51,23628
2024-02-29 22:00:00,174.6,176.22,174.43,176.12,28383
2024-02-29 23:00:00,179.08,179.09,178.25,178.65,22287
2024-03-01 00:00:00,179.84,180.51,177.77,179.42,37924
2024-03-01 01:00:00,173.78,174.92,172.66,172.88,35409
2024-03-01 02:00:00,172.74,173.8,172.02,172.28,35534
2024-03-01 03:00:00,174.97,175.18,174.5,174.85,11220
2024-03-01 04:00:00,172.58,172.9,171.25,171.25,17106
2024-03-01 05:00:00,177.26,179.04,176.72,177.43,10398
2024-03-01 06:00:00,179.65,179.83,179.28,179.56,35983
2024-03-01 07:00:00,177.94,178.42,175.88,176.64,44034
2024-03-01 08:00:00,174.78,175.11,174.13,174.66,10469
2024-03-01 09:00:00,173.09,176.23,172.65,173.11,41418
2024-03-01 10:00:00,169.66,169.66,168.68,168.72,46476
2024-03-01 11:00:00,169.25,169.28,168.46,168.76,12862
2024-03-01 12:00:00,170.12,171.18,169.01,170.19,40925
2024-03-01 13:00:00,171.68,171.87,171.66,171.69,16633
2024-03-01 14:00:00,170.29,171.36,170.21,171.07,32546
2024-03-01 15:00:00,167.71,167.89,167.26,167.47,12156
2024-03-01 16:00:00,163.77,163.89,163.08,163.51,20678
2024-03-01 17:00:00,163.39,164.18,163.25,164.04,19668
2024-03-01 18:00:00,162.31,163.09,162.17,162.7,19710
2024-03-01 19:00:00,161.57,162.55,161.55,161.95,29299
2024-03-01 20:00:00,159.34,160.02,159.08,159.95,45498
2024-03-01 21:00:00,157.67,159.27,156.31,159.16,44284
2024-03-01 22:00:00,158.89,159.37,157.98,158.99,37425
2024-03-01 23:00:00,156.21,156.29,156.02,156.25,44220
2024-03-02 00:00:00,157.91,158.04,157.45,157.6,34080
2024-03-02 01:00:00,160.42,160.67,158.25,159.76,37132
2024-03-02 02:00:00,151.74,155.38,151.7,153.31,10473
2024-03-02 03:00:00,150.33,151.07,149.74,150.89,17933
2024-03-02 04:00:00,145.66,145.73,144.64,145.13,26901
2024-03-02 05:00:00,146.37,146.89,145.83,146.72,12345
2024-03-02 06:00:00,145.93,146.06,144.75,145.05,13880
2024-03-02 07:00:00,146.04,146.66,145.66,146.14,19199
2024-03-02 08:00:00,140.94,141.42,140.79,140.91,41751
2024-03-02 09:00:00,137.19,137.49,136.62,137.04,23336
2024-03-02 10:00:00,135.74,137.06,135.59,135.88,36423
2024-03-02 11:00:00,142.97,143.41,142.25,142.88,48634
2024-03-02 12:00:00,144.84,145.31,144.63,145.13,38182
2024-03-02 13:00:00,141.37,141.61,140.47,141.06,27316
2024-03-02 14:00:00,138.24,138.73,138.2,138.65,49014
2024-03-02 15:00:00,138.84,139.69,138.64,139.67,27652
2024-03-02 16:00:00,139.9,140.46,139.26,139.99,39569
2024-03-02 17:00:00,136.38,137.31,136.27,137.06,48230
2024-03-02 18:00:00,134.67,135.63,133.9,134.33,14777
2024-03-02 19:00:00,137.09,137.11,135.49,136.8,45505
2024-03-02 20:00:00,139.17,139.32,138.35,139.3,37326
2024-03-02 21:00:00,136.81,138.29,136.45,137.2,34857
2024-03-02 22:00:00,137.87,138.13,137.71,138.08,49494
2024-03-02 23:00:00,136.36,136.94,135.58,136.01,20465
2024-03-03 00:00:00,133.46,133.92,133.41,133.53,44089
2024-03-03 01:00:00,133.65,135.24,133.44,135.21,17004
2024-03-03 02:00:00,134.69,134.71,133.86,133.98,12562
2024-03-03 03:00:00,131.78,132.44,131.49,132.37,12841
2024-03-03 04:00:00,123.52,124.81,123.38,124.06,37295
2024-03-03 05:00:00,119.77,119.99,119.48,119.8,22192
2024-03-03 06:00:00,116.19,117.15,115.67,115.8,17998
2024-03-03 07:00:00,116.95,116.98,116.93,116.97,41309
2024-03-03 08:00:00,115.83,115.97,115.47,115.48,46272
2024-03-03 09:00:00,115.14,115.56,114.71,115.11,35899
2024-03-03 10:00:00,112.39,112.66,112.35,112.58,18350
2024-03-03 11:00:00,112.29,113.51,112.29,112.82,43100
2024-03-03 12:00:00,109.57,109.59,109.06,109.59,33335
2024-03-03 13:00:00,109.49,109.49,108.91,109.12,32626
2024-03-03 14:00:00,112.42,112.46,111.53,112.21,23411
2024-03-03 15:00:00,114.17,114.2,114.04,114.11,13013
2024-03-03 16:00:00,112.51,112.78,112.22,112.57,29036
2024-03-03 17:00:00,110.16,110.29,109.93,110.27,35587
2024-03-03 18:00:00,108.98,110.17,108.09,109.0,25875
2024-03-03 19:00:00,106.3,106.6,106.19,106.19,38169
2024-03-03 20:00:00,107.09,108.22,106.73,107.38,31744
2024-03-03 21:00:00,106.0,106.24,105.42,105.5,29563
2024-03-03 22:00:00,105.13,105.81,104.51,105.08,28953
2024-03-03 23:00:00,108.86,109.11,108.66,108.86,40134
2024-03-04 00:00:00,110.51,110.73,110.13,110.18,10050
2024-03-04 01:00:00,108.87,109.94,108.66,108.96,41180
2024-03-04 02:00:00,113.22,113.34,112.48,112.54,38513
2024-03-04 03:00:00,110.92,111.9,110.09,110.69,27769
2024-03-04 04:00:00,113.88,114.43,112.45,112.59,35688
2024-03-04 05:00:00,111.37,111.73,110.7,110.83,43993
2024-03-04 06:00:00,111.56,112.11,111.43,111.65,23192
2024-03-04 07:00:00,109.88,110.25,108.92,110.07,41658
2024-03-04 08:00:00,107.64,107.88,107.33,107.48,37302
2024-03-04 09:00:00,107.28,108.43,106.75,107.16,35772
2024-03-04 10:00:00,106.65,106.99,106.52,106.75,27587
2024-03-04 11:00:00,106.55,106.75,106.53,106.65,16668
2024-03-04 12:00:00,105.26,105.93,105.0,105.81,36376
2024-03-04 13:00:00,109.35,110.71,108.52,109.23,46658
2024-03-04 14:00:00,109.6,109.68,108.08,109.65,24720
2024-03-04 15:00:00,111.51,112.03,111.47,111.69,33245
2024-03-04 16:00:00,109.89,110.48,109.83,110.37,46055
2024-03-04 17:00:00,112.01,112.01,111.2,111.38,15137
2024-03-04 18:00:00,115.22,115.36,113.62,113.68,31131
2024-03-04 19:00:00,115.98,116.2,115.03,115.4,37305
2024-03-04 20:00:00,115.32,115.59,114.99,115.52,37798
2024-03-04 21:00:00,117.14,117.39,116.95,117.14,26704
2024-03-04 22:00:00,116.62,117.62,116.61,117.37,32370
2024-03-04 23:00:00,120.72,121.35,120.1,121.13,15892
2024-03-05 00:00:00,121.37,121.8,121.18,121.5,18164
2024-03-05 01:00:00,119.96,120.26,119.43,120.02,32070
2024-03-05 02:00:00,121.13,121.36,119.43,120.61,37109
2024-03-05 03:00:00,120.01,120.21,120.0,120.1,40387
2024-03-05 04:00:00,119.76,119.84,119.18,119.34,38211
2024-03-05 05:00:00,116.39,116.81,115.93,115.99,21497
2024-03-05 06:00:00,119.25,120.93,119.21,120.5,47470
2024-03-05 07:00:00,118.04,118.25,117.73,117.86,22445
2024-03-05 08:00:00,111.9,112.39,111.38,111.91,11655
2024-03-05 09:00:00,109.73,110.32,109.49,109.87,24660
2024-03-05 10:00:00,110.12,110.83,110.09,110.41,48097
2024-03-05 11:00:00,108.87,110.17,108.84,110.06,36318
2024-03-05 12:00:00,110.31,110.5,109.99,110.45,21956
2024-03-05 13:00:00,111.87,112.06,111.84,111.86,24678
2024-03-05 14:00:00,110.55,111.08,110.43,111.04,18271
2024-03-05 15:00:00,112.57,112.79,112.21,112.4,38758
2024-03-05 16:00:00,111.85,112.03,111.55,111.56,20806
2024-03-05 17:00:00,112.02,112.07,111.48,111.97,36788
2024-03-05 18:00:00,112.37,112.45,110.95,112.29,20438
2024-03-05 19:00:00,112.99,113.74,111.67,113.33,11298
2024-03-05 20:00:00,108.14,108.92,108.11,108.73,12364
2024-03-05 21:00:00,106.77,107.14,106.4,107.06,22672
2024-03-05 22:00:00,108.75,109.79,108.33,108.9,48242
2024-03-05 23:00:00,110.39,110.51,109.4,110.48,17235
2024-03-06 00:00:00,109.26,109.74,108.64,108.82,49330
2024-03-06 01:00:00,114.1,114.35,113.42,113.44,47308
2024-03-06 02:00:00,111.54,111.59,111.25,111.26,18532
2024-03-06 03:00:00,110.13,110.17,109.49,110.11,21318
2024-03-06 04:00:00,109.03,110.67,108.98,109.12,29948
2024-03-06 05:00:00,104.55,105.39,104.41,104.95,40679
2024-03-06 06:00:00,102.75,103.43,102.35,102.51,49018
2024-03-06 07:00:00,107.76,108.19,106.21,108.04,33007
2024-03-06 08:00:00,104.82,105.26,103.5,103.6,42974
2024-03-06 09:00:00,105.29,105.33,104.76,104.78,19043
2024-03-06 10:00:00,105.52,105.99,104.98,105.36,41964
2024-03-06 11:00:00,103.17,103.27,102.67,103.11,36355
2024-03-06 12:00:00,102.84,103.03,102.2,102.8,35953
2024-03-06 13:00:00,103.06,103.51,102.68,103.1,19628
2024-03-06 14:00:00,102.23,102.35,102.07,102.3,10536
2024-03-06 15:00:00,99.87,100.19,99.57,99.73,37742
2024-03-06 16:00:00,99.44,99.45,98.7,98.76,17509
2024-03-06 17:00:00,97.74,97.76,97.5,97.69,27497
2024-03-06 18:00:00,97.31,98.34,97.27,97.92,40926
2024-03-06 19:00:00,98.24,98.5,97.61,98.02,18404
2024-03-06 20:00:00,102.01,102.6,101.83,102.44,10262
2024-03-06 21:00:00,104.96,105.41,104.83,105.28,36981
2024-03-06 22:00:00,106.5,106.7,106.06,106.07,21868
2024-03-06 23:00:00,105.04,105.33,104.88,105.02,13875
2024-03-07 00:00:00,102.69,103.0,102.68,102.94,29049
2024-03-07 01:00:00,99.3,99.9,99.18,99.18,43937
2024-03-07 02:00:00,100.02,100.74,99.49,100.52,35931
2024-03-07 03:00:00,98.73,99.29,98.61,98.74,14395
2024-03-07 04:00:00,101.02,101.7,99.97,100.86,33549
2024-03-07 05:00:00,100.29,101.15,99.96,100.12,33520
2024-03-07 06:00:00,99.18,99.31,98.95,99.2,31976
2024-03-07 07:00:00,100.0,100.83,99.64,100.74,43021
2024-03-07 08:00:00,99.93,100.23,99.67,99.68,34407
2024-03-07 09:00:00,101.09,101.19,100.57,100.85,20611
2024-03-07 10:00:00,99.8,100.14,99.76,99.82,46497
2024-03-07 11:00:00,102.62,102.9,101.99,102.42,33705
2024-03-07 12:00:00,105.11,105.28,104.96,105.26,35765
2024-03-07 13:00:00,105.8,106.69,105.6,106.52,45605
2024-03-07 14:00:00,107.19,107.58,107.18,107.37,48423
2024-03-07 15:00:00,106.65,106.87,105.78,106.49,43893
2024-03-07 16:00:00,109.3,109.77,108.86,109.77,11425
2024-03-07 17:00:00,109.6,109.9,109.35,109.54,32680
2024-03-07 18:00:00,113.64,113.99,113.12,113.8,31709
2024-03-07 19:00:00,112.25,113.71,112.24,112.48,21768
2024-03-07 20:00:00,113.18,114.45,112.68,113.05,22790
2024-03-07 21:00:00,115.06,115.5,114.1,115.11,30252
2024-03-07 22:00:00,115.84,116.24,115.56,115.83,30143
2024-03-07 23:00:00,119.35,119.88,118.46,118.73,45803
2024-03-08 00:00:00,119.39,120.83,118.33,120.27,45470
2024-03-08 01:00:00,119.75,120.02,117.49,118.72,41236
2024-03-08 02:00:00,115.99,116.36,115.5,115.7,37117
2024-03-08 03:00:00,114.05,114.36,113.85,114.27,40013
2024-03-08 04:00:00,113.69,113.92,113.59,113.92,19530
2024-03-08 05:00:00,111.73,112.68,111.59,112.38,12737
2024-03-08 06:00:00,113.66,115.49,113.42,113.7,37301
2024-03-08 07:00:00,117.03,117.44,116.66,116.89,33957
2024-03-08 08:00:00,116.92,117.01,116.68,116.7,13252
2024-03-08 09:00:00,121.59,121.95,121.32,121.52,16429
2024-03-08 10:00:00,127.35,127.72,127.33,127.61,49599
2024-03-08 11:00:00,130.6,132.28,130.55,132.08,28293
2024-03-08 12:00:00,128.68,129.23,128.57,128.98,14439
2024-03-08 13:00:00,130.68,130.81,130.56,130.59,23771
2024-03-08 14:00:00,132.87,133.45,132.78,132.86,44873
2024-03-08 15:00:00,133.84,134.33,132.91,133.68,49802
2024-03-08 16:00:00,138.15,139.3,137.89,138.93,25837
2024-03-08 17:00:00,136.35,137.18,136.2,136.92,22725
2024-03-08 18:00:00,141.14,141.15,140.64,140.83,12418
2024-03-08 19:00:00,140.6,142.42,140.35,141.21,37049
2024-03-08 20:00:00,141.75,142.17,141.61,141.92,18437
2024-03-08 21:00:00,146.02,146.07,144.47,144.58,21664
2024-03-08 22:00:00,140.31,140.77,138.41,138.81,25854
2024-03-08 23:00:00,140.54,140.74,139.96,140.52,20940
2024-03-09 00:00:00,137.38,137.44,136.65,136.84,33283
2024-03-09 01:00:00,138.7,139.35,138.52,139.14,24052
2024-03-09 02:00:00,136.72,136.73,136.14,136.6,36723
2024-03-09 03:00:00,138.09,139.0,137.55,138.34,40541
2024-03-09 04:00:00,138.07,138.2,137.58,138.14,41963
2024-03-09 05:00:00,137.05,138.98,136.89,138.95,37970
2024-03-09 06:00:00,134.07,134.18,134.04,134.05,44111
2024-03-09 07:00:00,136.78,137.72,136.11,136.17,24216
2024-03-09 08:00:00,139.82,141.11,139.77,140.75,22277
2024-03-09 09:00:00,138.22,139.56,137.47,137.61,49083
2024-03-09 10:00:00,140.17,140.86,139.7,140.57,19288
2024-03-09 11:00:00,140.93,141.25,140.89,141.16,17991
2024-03-09 12:00:00,142.58,143.32,141.8,141.96,42903
2024-03-09 13:00:00,148.56,149.05,148.39,148.73,25943
2024-03-09 14:00:00,149.98,151.01,149.17,150.12,29711
2024-03-09 15:00:00,144.35,145.62,143.65,145.36,32904
2024-03-09 16:00:00,143.39,144.1,143.32,143.68,24458
2024-03-09 17:00:00,145.49,146.71,145.02,145.09,33753
2024-03-09 18:00:00,146.76,148.27,146.44,148.26,32201
2024-03-09 19:00:00,144.0,145.9,144.0,144.13,27181
2024-03-09 20:00:00,142.7,143.35,142.62,143.09,11369
2024-03-09 21:00:00,148.82,149.86,148.02,148.83,24082
2024-03-09 22:00:00,144.78,145.61,143.77,145.08,22639
2024-03-09 23:00:00,144.95,144.99,143.22,143.34,37140
2024-03-10 00:00:00,144.51,145.37,144.37,145.21,21931
2024-03-10 01:00:00,149.2,149.47,149.13,149.19,28138
2024-03-10 02:00:00,144.44,145.09,144.26,144.38,11665
2024-03-10 03:00:00,147.93,148.87,147.52,148.84,40091
2024-03-10 04:00:00,148.76,149.23,148.73,148.98,48582
2024-03-10 05:00:00,144.98,145.34,144.6,144.88,31841
2024-03-10 06:00:00,144.38,144.54,142.76,143.39,14385
2024-03-10 07:00:00,149.25,149.56,148.52,149.05,35744
2024-03-10 08:00:00,146.54,146.8,146.37,146.62,48729
2024-03-10 09:00:00,144.11,144.59,143.42,144.1,48316
2024-03-10 10:00:00,141.38,141.5,140.92,141.28,22675
2024-03-10 11:00:00,140.03,141.15,139.98,140.65,24035
2024-03-10 12:00:00,143.13,144.29,142.9,143.86,27633
2024-03-10 13:00:00,146.83,147.19,146.41,146.49,42413
2024-03-10 14:00:00,141.91,142.38,141.79,142.05,44276
2024-03-10 15:00:00,141.01,141.3,140.69,140.79,15408
2024-03-10 16:00:00,142.86,143.07,142.57,142.69,15664
2024-03-10 17:00:00,143.83,143.9,143.79,143.84,13218
2024-03-10 18:00:00,141.02,141.44,140.71,140.74,26576
2024-03-10 19:00:00,139.82,140.94,139.13,140.17,46900
2024-03-10 20:00:00,140.42,140.63,138.84,139.56,48338
2024-03-10 21:00:00,140.87,141.3,140.68,141.17,41229
2024-03-10 22:00:00,136.31,137.43,135.25,135.3,32461
2024-03-10 23:00:00,136.87,137.16,136.22,137.04,41997
2024-03-11 00:00:00,136.17,136.34,134.82,136.02,29270
2024-03-11 01:00:00,136.25,136.69,136.13,136.66,42573
2024-03-11 02:00:00,134.16,134.49,133.93,134.04,22510
2024-03-11 03:00:00,137.26,137.45,137.08,137.14,40860
2024-03-11 04:00:00,135.57,136.33,135.11,136.14,41311
2024-03-11 05:00:00,137.3,137.43,136.37,137.28,41866
2024-03-11 06:00:00,136.36,136.81,135.55,136.53,27149
2024-03-11 07:00:00,138.25,138.29,138.03,138.27,18661
2024-03-11 08:00:00,141.66,141.95,141.63,141.74,31657
2024-03-11 09:00:00,142.79,142.86,142.31,142.55,24618
2024-03-11 10:00:00,139.85,140.51,139.82,139.89,10425
2024-03-11 11:00:00,142.54,143.19,141.73,142.91,38271
2024-03-11 12:00:00,143.21,143.28,143.12,143.26,40291
2024-03-11 13:00:00,141.07,141.36,140.99,141.28,27299
2024-03-11 14:00:00,135.85,137.09,135.57,136.21,31296
2024-03-11 15:00:00,138.1,138.75,137.95,138.4,12564
2024-03-11 16:00:00,141.51,141.6,139.33,140.44,44626
2024-03-11 17:00:00,133.43,133.79,133.33,133.78,23966
2024-03-11 18:00:00,136.83,137.0,135.71,136.2,25626
2024-03-11 19:00:00,135.4,135.62,134.75,134.76,11379
2024-03-11 20:00:00,138.44,138.66,137.27,138.5,14574
2024-03-11 21:00:00,137.53,138.19,137.17,138.17,37093
2024-03-11 22:00:00,142.82,143.01,140.96,141.94,30423
2024-03-11 23:00:00,142.39,142.91,141.61,142.8,21525
2024-03-12 00:00:00,138.92,139.47,138.34,138.79,36301
2024-03-12 01:00:00,137.14,137.37,136.71,136.73,20395
2024-03-12 02:00:00,136.01,136.17,135.34,135.54,43398
2024-03-12 03:00:00,133.11,133.84,132.97,133.14,44180
2024-03-12 04:00:00,136.37,137.48,136.23,136.46,25479
2024-03-12 05:00:00,134.89,136.65,134.73,135.03,30698
2024-03-12 06:00:00,133.6,135.48,133.21,135.42,38462
2024-03-12 07:00:00,133.07,133.66,133.0,133.55,31420
2024-03-12 08:00:00,136.93,137.0,135.49,136.19,46512
2024-03-12 09:00:00,138.93,139.24,138.84,139.17,39776
2024-03-12 10:00:00,139.33,139.67,138.96,139.16,11707
2024-03-12 11:00:00,142.95,144.3,142.48,143.94,13187
2024-03-12 12:00:00,143.92,144.05,143.08,143.4,26630
2024-03-12 13:00:00,142.6,142.69,142.19,142.61,48217
2024-03-12 14:00:00,143.24,144.5,143.1,144.45,19187
2024-03-12 15:00:00,142.32,142.45,142.27,142.35,38603
2024-03-12 16:00:00,137.13,137.24,136.72,136.86,34676
2024-03-12 17:00:00,136.64,137.21,136.53,136.64,23423
2024-03-12 18:00:00,141.0,142.06,140.98,141.12,22080
2024-03-12 19:00:00,140.82,141.19,139.84,139.96,20995
2024-03-12 20:00:00,146.42,146.81,146.05,146.48,25732
2024-03-12 21:00:00,149.67,149.82,149.14,149.15,46471
2024-03-12 22:00:00,144.22,145.49,143.34,144.77,25882
2024-03-12 23:00:00,142.16,142.45,141.51,142.34,41624
2024-03-13 00:00:00,140.85,141.47,140.69,140.97,41038
2024-03-13 01:00:00,143.91,144.08,142.58,143.46,44650
2024-03-13 02:00:00,151.49,151.69,151.25,151.27,38188
2024-03-13 03:00:00,153.3,153.61,152.17,153.59,48545
2024-03-13 04:00:00,148.31,148.47,146.6,147.95,26388
2024-03-13 05:00:00,148.33,148.44,147.8,147.92,11056
2024-03-13 06:00:00,153.29,153.65,152.77,152.83,25089
2024-03-13 07:00:00,151.23,151.37,149.31,151.01,37936
2024-03-13 08:00:00,151.17,152.31,150.84,151.45,11834
2024-03-13 09:00:00,148.25,148.77,147.34,147.42,12896
2024-03-13 10:00:00,142.56,142.78,142.36,142.37,27724
2024-03-13 11:00:00,145.53,145.66,145.41,145.5,40808
2024-03-13 12:00:00,144.89,145.49,144.71,144.88,48616
2024-03-13 13:00:00,147.71,147.75,147.0,147.32,16025
2024-03-13 14:00:00,149.16,149.41,148.98,149.1,32919
2024-03-13 15:00:00,153.79,154.2,152.49,152.83,44780
2024-03-13 16:00:00,158.75,159.06,157.81,158.91,15233
2024-03-13 17:00:00,161.57,161.85,161.27,161.32,14761
2024-03-13 18:00:00,165.87,166.24,165.27,165.53,48802
2024-03-13 19:00:00,158.9,160.36,158.2,158.96,40083
2024-03-13 20:00:00,156.65,156.76,155.37,155.4,12954
2024-03-13 21:00:00,152.69,153.35,151.75,153.23,45007
2024-03-13 22:00:00,150.15,151.35,149.7,151.16,48532
2024-03-13 23:00:00,147.09,147.25,145.82,146.12,19568
2024-03-14 00:00:00,147.75,147.98,147.31,147.87,45905
2024-03-14 01:00:00,150.82,151.84,150.29,150.76,16294
2024-03-14 02:00:00,155.39,156.42,154.15,156.02,34162
2024-03-14 03:00:00,154.59,154.71,154.2,154.55,20844
2024-03-14 04:00:00,150.09,151.62,150.02,151.09,27858
2024-03-14 05:00:00,145.75,146.55,145.23,146.13,13739
2024-03-14 06:00:00,141.89,143.23,141.45,141.96,21234
2024-03-14 07:00:00,142.08,142.95,141.88,142.11,43733
2024-03-14 08:00:00,139.06,139.39,138.53,138.72,18515
2024-03-14 09:00:00,141.38,142.35,141.04,141.1,32910
2024-03-14 10:00:00,140.04,140.93,139.53,140.78,14681
2024-03-14 11:00:00,143.28,143.88,142.39,143.2,38814
2024-03-14 12:00:00,140.75,141.56,140.22,141.4,11036
2024-03-14 13:00:00,138.61,139.06,138.42,138.89,42758
2024-03-14 14:00:00,138.23,138.93,138.06,138.24,15510
2024-03-14 15:00:00,136.34,137.3,135.51,136.64,45034
2024-03-14 16:00:00,136.43,137.48,136.07,136.75,32159
2024-03-14 17:00:00,136.85,137.47,135.23,136.19,45095
2024-03-14 18:00:00,138.28,138.32,137.95,138.09,18041
2024-03-14 19:00:00,141.03,142.23,140.98,141.88,17419
2024-03-14 20:00:00,149.35,150.61,148.5,149.04,45215
2024-03-14 21:00:00,150.98,151.26,150.86,150.86,33661
2024-03-14 22:00:00,151.22,152.43,151.01,151.44,23759
2024-03-14 23:00:00,150.5,150.58,150.39,150.55,36297
2024-03-15 00:00:00,152.59,152.9,151.26,152.56,22890
2024-03-15 01:00:00,149.95,150.37,149.58,150.14,15403
2024-03-15 02:00:00,149.52,149.57,149.02,149.16,40813
2024-03-15 03:00:00,148.79,149.25,147.91,148.61,48207
2024-03-15 04:00:00,149.13,149.14,148.82,149.14,28456
2024-03-15 05:00:00,154.88,154.91,153.6,154.74,37383
2024-03-15 06:00:00,149.68,149.71,147.6,148.87,11806
2024-03-15 07:00:00,146.52,146.8,145.81,146.25,14001
2024-03-15 08:00:00,147.07,147.19,146.85,147.05,42896
2024-03-15 09:00:00,144.62,144.65,144.39,144.5,37191
2024-03-15 10:00:00,141.48,142.06,140.53,141.69,43960
2024-03-15 11:00:00,138.7,138.91,137.72,138.73,47909
2024-03-15 12:00:00,137.9,138.27,137.74,138.11,49164
2024-03-15 13:00:00,132.37,132.52,131.63,132.34,22620
2024-03-15 14:00:00,134.3,135.41,134.1,135.22,32516
2024-03-15 15:00:00,134.67,135.18,133.82,134.28,33725
2024-03-15 16:00:00,134.9,134.97,134.06,134.44,12607
2024-03-15 17:00:00,135.94,136.06,135.35,135.59,13954
2024-03-15 18:00:00,135.25,135.36,134.33,134.99,24607
2024-03-15 19:00:00,131.82,132.39,131.61,131.7,44790
2024-03-15 20:00:00,133.67,134.76,133.06,134.74,20465
2024-03-15 21:00:00,134.5,134.81,132.45,132.96,25703
2024-03-15 22:00:00,134.01,134.09,132.6,133.77,32587
2024-03-15 23:00:00,132.08,132.33,130.48,131.84,17016
2024-03-16 00:00:00,128.99,129.58,128.91,129.27,47102
2024-03-16 01:00:00,127.83,128.08,127.66,127.94,16050
2024-03-16 02:00:00,130.95,131.42,130.84,130.89,36218
2024-03-16 03:00:00,129.7,131.0,129.41,130.04,36421
2024-03-16 04:00:00,126.66,127.18,126.62,126.68,29657
2024-03-16 05:00:00,126.71,127.16,126.32,126.59,41213
2024-03-16 06:00:00,123.59,124.22,122.51,123.79,35121
2024-03-16 07:00:00,121.75,121.95,121.37,121.41,15616
2024-03-16 08:00:00,120.47,120.81,120.07,120.65,40345
2024-03-16 09:00:00,119.02,119.39,118.85,118.95,37195
2024-03-16 10:00:00,122.0,122.11,121.2,121.78,17878
2024-03-16 11:00:00,120.62,121.42,119.94,121.29,17836
2024-03-16 12:00:00,120.12,120.28,119.43,119.48,14167
2024-03-16 13:00:00,117.2,118.55,116.72,117.94,30287
2024-03-16 14:00:00,116.99,117.11,116.25,116.51,28006
2024-03-16 15:00:00,117.93,118.09,117.86,117.95,48062
2024-03-16 16:00:00,120.53,121.34,120.28,121.29,47341
2024-03-16 17:00:00,119.63,119.85,118.42,119.66,43250
2024-03-16 18:00:00,115.93,115.97,115.64,115.78,41400
2024-03-16 19:00:00,113.21,113.59,113.12,113.53,14174
2024-03-16 20:00:00,114.08,114.31,114.02,114.24,46853
2024-03-16 21:00:00,114.25,114.69,113.99,114.07,29875
2024-03-16 22:00:00,112.77,112.87,112.41,112.46,35516
2024-03-16 23:00:00,113.34,114.01,113.2,113.51,45247
2024-03-17 00:00:00,113.24,113.3,112.45,112.49,19530
2024-03-17 01:00:00,113.79,113.92,112.83,112.89,40077
2024-03-17 02:00:00,115.25,115.27,114.29,114.58,18331
2024-03-17 03:00:00,112.9,113.79,112.49,112.88,17521
2024-03-17 04:00:00,114.62,115.56,114.23,114.97,49165
2024-03-17 05:00:00,115.97,116.45,115.74,116.04,43940
2024-03-17 06:00:00,117.65,118.22,117.19,117.33,38828
2024-03-17 07:00:00,117.8,118.65,117.78,118.02,37360
2024-03-17 08:00:00,120.1,121.05,120.06,120.07,30411
2024-03-17 09:00:00,120.11,120.4,119.82,120.21,48891
2024-03-17 10:00:00,122.87,123.2,122.75,122.81,17877
2024-03-17 11:00:00,123.83,124.05,123.0,124.04,18730
2024-03-17 12:00:00,123.12,123.74,122.47,123.27,10939
2024-03-17 13:00:00,126.29,126.33,125.81,126.04,15804
2024-03-17 14:00:00,127.96,128.24,127.37,127.93,11065
2024-03-17 15:00:00,124.47,125.41,123.94,124.69,21696
2024-03-17 16:00:00,121.72,121.8,120.86,121.61,34358
2024-03-17 17:00:00,123.52,124.15,123.46,123.63,33020
2024-03-17 18:00:00,126.2,126.27,125.99,126.05,23219
2024-03-17 19:00:00,126.5,126.55,125.55,125.96,26025
2024-03-17 20:00:00,125.07,125.81,125.01,125.58,36328
2024-03-17 21:00:00,123.76,124.08,123.19,123.98,21200
2024-03-17 22:00:00,123.35,123.92,122.93,122.97,47099
2024-03-17 23:00:00,121.68,121.99,121.35,121.95,21469
2024-03-18 00:00:00,118.43,118.7,117.55,118.06,46049
2024-03-18 01:00:00,117.36,117.37,116.78,116.85,46064
2024-03-18 02:00:00,120.74,120.88,120.12,120.87,10341
2024-03-18 03:00:00,119.99,120.36,119.31,120.25,39927
2024-03-18 04:00:00,119.57,119.91,119.48,119.81,33055
2024-03-18 05:00:00,117.39,117.84,117.1,117.34,48441
2024-03-18 06:00:00,119.67,119.79,119.49,119.59,36516
2024-03-18 07:00:00,122.45,122.56,122.17,122.28,44566
2024-03-18 08:00:00,121.48,121.7,121.11,121.66,41854
2024-03-18 09:00:00,119.91,119.98,119.82,119.9,26526
2024-03-18 10:00:00,116.37,116.42,115.61,115.98,30147
2024-03-18 11:00:00,121.08,121.26,120.75,121.21,24595
2024-03-18 12:00:00,121.28,121.46,121.16,121.41,34166
2024-03-18 13:00:00,120.61,120.66,119.43,120.32,24666
2024-03-18 14:00:00,118.36,118.58,117.83,118.48,37772
2024-03-18 15:00:00,119.7,120.34,119.2,120.19,21118
2024-03-18 16:00:00,119.79,120.21,119.5,120.2,45532
2024-03-18 17:00:00,121.01,121.96,120.54,121.9,39954
2024-03-18 18:00:00,125.52,125.87,125.26,125.32,35173
2024-03-18 19:00:00,126.79,127.52,126.58,126.92,23559
2024-03-18 20:00:00,129.1,129.29,128.19,129.14,14099
2024-03-18 21:00:00,132.53,132.73,132.14,132.46,34499
2024-03-18 22:00:00,129.95,130.68,128.76,129.84,24840
2024-03-18 23:00:00,132.44,133.12,132.18,132.23,17069
2024-03-19 00:00:00,130.63,130.97,130.06,130.63,32242
2024-03-19 01:00:00,128.59,129.72,128.57,129.09,21457
2024-03-19 02:00:00,127.45,127.74,127.14,127.42,19055
2024-03-19 03:00:00,128.29,128.46,128.13,128.39,35783
2024-03-19 04:00:00,127.79,128.51,127.5,127.89,39316
2024-03-19 05:00:00,127.74,129.06,127.38,128.4,45445
2024-03-19 06:00:00,129.62,129.81,129.58,129.8,33374
2024-03-19 07:00:00,129.31,129.51,129.27,129.31,21306
2024-03-19 08:00:00,127.71,127.83,127.17,127.26,32795
2024-03-19 09:00:00,128.61,129.69,128.59,128.63,49682
2024-03-19 10:00:00,129.2,129.33,128.57,128.88,28726
2024-03-19 11:00:00,128.31,128.36,127.55,127.82,22508
2024-03-19 12:00:00,126.02,128.67,125.82,126.27,22999
2024-03-19 13:00:00,125.57,125.73,124.85,125.67,26713
2024-03-19 14:00:00,124.55,124.63,124.21,124.23,18173
2024-03-19 15:00:00,122.16,122.52,122.03,122.07,18122
2024-03-19 16:00:00,119.88,120.08,119.38,119.7,27568
2024-03-19 17:00:00,119.45,120.12,119.4,119.83,45476
2024-03-19 18:00:00,115.6,115.91,115.36,115.53,27105
2024-03-19 19:00:00,115.75,115.8,115.44,115.55,36068
2024-03-19 20:00:00,116.67,117.45,115.99,116.42,18039
2024-03-19 21:00:00,116.68,117.36,116.6,116.71,32618
2024-03-19 22:00:00,118.74,119.47,117.16,118.36,16232
2024-03-19 23:00:00,119.3,119.4,119.27,119.28,47612
2024-03-20 00:00:00,121.61,122.53,120.02,121.06,22007
2024-03-20 01:00:00,120.42,121.76,120.25,120.99,30265
2024-03-20 02:00:00,118.76,121.06,118.53,120.81,21963
2024-03-20 03:00:00,119.23,119.46,117.91,118.65,12355
2024-03-20 04:00:00,119.92,120.52,118.4,119.57,34679
2024-03-20 05:00:00,118.38,118.45,118.01,118.43,26051
2024-03-20 06:00:00,120.25,120.25,119.18,119.46,25624
2024-03-20 07:00:00,120.41,121.32,120.1,120.46,42417
2024-03-20 08:00:00,123.77,123.84,123.7,123.83,16416
2024-03-20 09:00:00,122.77,124.42,122.49,124.11,30469
2024-03-20 10:00:00,128.07,128.49,127.69,127.79,49741
2024-03-20 11:00:00,133.62,133.91,133.56,133.68,40079
2024-03-20 12:00:00,129.03,129.39,128.48,129.36,23599
2024-03-20 13:00:00,125.1,125.94,125.01,125.9,14324
2024-03-20 14:00:00,130.13,130.71,129.71,129.83,40635
2024-03-20 15:00:00,131.0,131.73,130.13,130.57,49868
2024-03-20 16:00:00,134.13,134.17,133.82,134.02,48514
2024-03-20 17:00:00,133.04,134.44,132.92,134.25,12110
2024-03-20 18:00:00,133.18,133.66,133.03,133.08,38482
2024-03-20 19:00:00,136.27,136.9,135.97,136.47,47654
2024-03-20 20:00:00,135.7,135.8,135.47,135.76,14528
2024-03-20 21:00:00,134.15,134.19,133.2,133.71,30306
2024-03-20 22:00:00,130.72,131.01,130.35,130.49,45882
2024-03-20 23:00:00,130.94,131.35,130.74,130.96,26113
2024-03-21 00:00:00,129.34,130.14,129.24,130.09,36186
2024-03-21 01:00:00,126.85,127.02,126.8,126.93,22289
2024-03-21 02:00:00,128.23,128.49,127.19,127.87,18508
2024-03-21 03:00:00,128.63,129.04,128.4,128.87,12449
2024-03-21 04:00:00,128.18,128.2,127.13,127.55,48091
2024-03-21 05:00:00,126.25,126.5,126.12,126.39,21159
2024-03-21 06:00:00,125.99,126.15,125.91,126.0,12775
2024-03-21 07:00:00,123.73,124.2,123.4,123.68,49751
2024-03-21 08:00:00,126.5,126.94,126.49,126.59,40251
2024-03-21 09:00:00,126.11,127.34,125.48,126.59,14299
2024-03-21 10:00:00,129.25,129.28,127.57,127.84,13508
2024-03-21 11:00:00,131.12,131.45,131.1,131.32,19606
2024-03-21 12:00:00,130.93,131.56,129.83,131.42,13028
2024-03-21 13:00:00,132.8,133.03,132.17,132.28,14989
2024-03-21 14:00:00,133.65,133.8,132.59,132.69,42046
2024-03-21 15:00:00,132.57,133.17,132.28,132.82,33453
2024-03-21 16:00:00,131.16,131.73,130.49,130.67,31042
2024-03-21 17:00:00,135.38,135.7,134.72,134.88,36985
2024-03-21 18:00:00,134.71,134.81,134.71,134.72,43578
2024-03-21 19:00:00,130.77,131.0,130.55,130.93,16481
2024-03-21 20:00:00,137.02,137.6,136.63,137.22,26876
2024-03-21 21:00:00,140.1,141.41,139.98,141.4,23284
2024-03-21 22:00:00,138.38,138.69,138.1,138.11,10505
2024-03-21 23:00:00,138.26,138.56,138.21,138.23,11067
2024-03-22 00:00:00,135.54,136.85,134.91,136.07,48881
2024-03-22 01:00:00,133.1,134.47,132.48,134.0,20236
2024-03-22 02:00:00,132.58,132.9,132.26,132.52,10348
2024-03-22 03:00:00,133.04,133.87,132.74,133.32,13454
2024-03-22 04:00:00,134.09,134.34,133.52,133.87,44764
2024-03-22 05:00:00,132.98,133.14,132.22,132.32,37571
2024-03-22 06:00:00,133.4,133.7,132.95,133.03,28406
2024-03-22 07:00:00,132.57,132.68,131.83,132.66,26268
2024-03-22 08:00:00,129.41,131.22,129.37,129.93,43972
2024-03-22 09:00:00,129.45,131.07,129.41,129.75,47000
2024-03-22 10:00:00,128.86,129.38,128.05,128.66,40667
2024-03-22 11:00:00,126.26,126.67,125.54,126.18,20980
2024-03-22 12:00:00,124.52,124.61,124.23,124.41,16501
2024-03-22 13:00:00,121.04,121.66,120.6,121.07,17437
2024-03-22 14:00:00,120.2,121.12,120.16,120.48,34452
2024-03-22 15:00:00,121.78,121.92,120.72,120.89,20126
2024-03-22 16:00:00,120.09,120.56,120.06,120.42,19824
2024-03-22 17:00:00,116.43,116.47,116.03,116.42,44398
2024-03-22 18:00:00,117.13,118.13,116.53,117.09,40127
2024-03-22 19:00:00,119.61,120.0,119.41,119.45,25827
2024-03-22 20:00:00,119.29,120.14,118.66,118.73,38632
2024-03-22 21:00:00,120.85,121.5,120.6,121.4,24127
2024-03-22 22:00:00,122.39,123.01,122.36,122.73,14001
2024-03-22 23:00:00,122.79,123.44,122.61,123.43,48901
2024-03-23 00:00:00,119.19,119.49,119.13,119.24,46961
2024-03-23 01:00:00,118.09,118.48,117.87,117.93,33827
2024-03-23 02:00:00,117.58,117.99,117.14,117.72,20423
2024-03-23 03:00:00,119.68,119.88,119.53,119.83,37699
2024-03-23 04:00:00,117.07,117.71,117.03,117.36,32367
2024-03-23 05:00:00,118.97,119.89,118.88,119.44,18618
2024-03-23 06:00:00,119.21,120.71,119.07,119.33,34564
2024-03-23 07:00:00,119.72,120.66,119.65,120.47,48076
2024-03-23 08:00:00,119.02,120.49,118.33,119.27,31819
2024-03-23 09:00:00,120.53,121.43,120.38,121.34,11363
2024-03-23 10:00:00,118.86,118.89,118.55,118.79,15321
2024-03-23 11:00:00,118.39,118.77,118.04,118.12,38836
2024-03-23 12:00:00,123.01,123.95,122.8,122.89,32527
2024-03-23 13:00:00,124.57,124.68,124.28,124.4,44927
2024-03-23 14:00:00,119.58,119.87,119.47,119.54,49245
2024-03-23 15:00:00,120.71,121.12,120.34,120.92,14382
2024-03-23 16:00:00,122.04,122.2,121.05,121.29,11170
2024-03-23 17:00:00,126.22,127.21,125.5,126.72,48901
2024-03-23 18:00:00,131.44,131.79,131.16,131.2,17692
2024-03-23 19:00:00,131.22,131.8,130.52,131.09,46013
2024-03-23 20:00:00,133.67,134.17,133.39,133.58,20551
2024-03-23 21:00:00,133.6,134.4,133.6,134.09,20717
2024-03-23 22:00:00,141.64,141.65,141.13,141.52,32872
2024-03-23 23:00:00,145.97,145.98,145.54,145.59,16065
2024-03-24 00:00:00,146.45,147.59,145.12,146.59,16441
2024-03-24 01:00:00,148.18,148.5,147.57,147.84,33611
2024-03-24 02:00:00,151.6,152.8,151.15,151.37,14140
2024-03-24 03:00:00,149.5,149.65,148.84,149.18,28439
2024-03-24 04:00:00,150.26,150.64,149.61,150.59,33028
2024-03-24 05:00:00,152.79,153.73,152.77,153.53,12844
2024-03-24 06:00:00,150.62,151.73,150.45,150.95,16106
2024-03-24 07:00:00,154.06,154.62,153.99,154.22,23538
