timestamp,open,high,low,close,volume
2020-01-01 00:00:00,75.0,75.74,74.84,75.0,203518
2020-01-01 01:00:00,74.96,69.8,68.75,69.22,160488
2020-01-01 02:00:00,69.23,68.41,67.52,67.93,188093
2020-01-01 03:00:00,67.85,67.18,66.9,66.92,142195
2020-01-01 04:00:00,66.85,66.85,66.44,66.81,156944
2020-01-01 05:00:00,66.7,68.59,67.78,67.92,187179
2020-01-01 06:00:00,67.95,68.17,67.98,67.99,111249
2020-01-01 07:00:00,67.89,64.74,64.65,64.66,210682
2020-01-01 08:00:00,64.67,64.13,63.38,63.39,179724
2020-01-01 09:00:00,63.46,64.15,63.76,63.84,212806
2020-01-01 10:00:00,63.66,63.92,63.33,63.66,127256
2020-01-01 11:00:00,63.52,64.37,63.98,64.21,95182
2020-01-01 12:00:00,64.3,63.03,62.45,62.91,282980
2020-01-01 13:00:00,62.91,64.22,63.23,63.63,179099
2020-01-01 14:00:00,63.65,65.02,64.79,64.96,166549
2020-01-01 15:00:00,64.8,64.73,64.32,64.59,202895
2020-01-01 16:00:00,64.68,64.84,64.72,64.79,190051
2020-01-01 17:00:00,64.79,65.58,64.93,65.03,80087
2020-01-01 18:00:00,65.15,62.66,62.44,62.49,169754
2020-01-01 19:00:00,62.41,62.79,62.75,62.77,161179
2020-01-01 20:00:00,62.7,63.39,62.8,63.09,156584
2020-01-01 21:00:00,63.1,64.19,63.33,63.57,217985
2020-01-01 22:00:00,63.75,63.64,63.28,63.37,159704
2020-01-01 23:00:00,63.48,63.7,63.33,63.54,77782
2020-01-02 00:00:00,63.59,63.97,63.68,63.75,84430
2020-01-02 01:00:00,64.03,65.69,64.98,65.06,90494
2020-01-02 02:00:00,65.05,64.67,64.51,64.56,74506
2020-01-02 03:00:00,64.67,65.13,64.25,64.6,54540
2020-01-02 04:00:00,64.52,64.16,63.26,63.85,63084
2020-01-02 05:00:00,63.85,65.09,64.24,64.68,65807
2020-01-02 06:00:00,64.59,65.12,64.83,65.03,88586
2020-01-02 07:00:00,65.14,64.66,64.59,64.65,117660
2020-01-02 08:00:00,64.54,65.3,64.64,64.75,78437
2020-01-02 09:00:00,64.57,65.47,64.93,65.26,147919
2020-01-02 10:00:00,65.19,65.2,64.07,65.13,105199
2020-01-02 11:00:00,65.16,65.51,64.75,64.96,96258
2020-01-02 12:00:00,64.79,65.01,64.94,64.96,54502
2020-01-02 13:00:00,64.97,63.98,63.73,63.78,70261
2020-01-02 14:00:00,63.75,64.23,63.82,64.19,97244
2020-01-02 15:00:00,64.31,64.6,64.5,64.52,118626
2020-01-02 16:00:00,64.3,64.89,64.71,64.84,56299
2020-01-02 17:00:00,64.96,65.74,64.38,64.83,67793
2020-01-02 18:00:00,64.97,64.32,63.43,63.93,88672
2020-01-02 19:00:00,64.19,63.87,62.79,63.21,58420
2020-01-02 20:00:00,63.22,63.67,62.85,63.31,111245
2020-01-02 21:00:00,63.36,64.51,63.6,63.79,84511
2020-01-02 22:00:00,63.84,63.67,62.91,63.4,120082
2020-01-02 23:00:00,63.56,63.89,63.23,63.44,86430
2020-01-03 00:00:00,63.42,63.79,63.51,63.67,109010
2020-01-03 01:00:00,63.88,63.78,63.46,63.63,110165
2020-01-03 02:00:00,63.73,64.73,64.3,64.51,66600
2020-01-03 03:00:00,64.67,64.13,63.74,64.11,97012
2020-01-03 04:00:00,64.23,64.88,64.29,64.64,135817
2020-01-03 05:00:00,64.75,64.98,64.41,64.76,110482
2020-01-03 06:00:00,64.78,65.14,64.08,64.71,72188
2020-01-03 07:00:00,64.74,65.14,65.0,65.13,107865
2020-01-03 08:00:00,65.24,65.06,64.43,64.56,109856
2020-01-03 09:00:00,64.5,65.67,65.19,65.32,133790
2020-01-03 10:00:00,65.41,66.28,66.18,66.25,96745
2020-01-03 11:00:00,66.21,65.52,65.38,65.44,116262
2020-01-03 12:00:00,65.33,67.2,66.68,67.08,95079
2020-01-03 13:00:00,67.23,67.67,67.37,67.5,134004
2020-01-03 14:00:00,67.34,68.07,67.34,67.63,107674
2020-01-03 15:00:00,67.44,69.86,69.28,69.59,127498
2020-01-03 16:00:00,69.56,68.74,68.66,68.71,101100
2020-01-03 17:00:00,68.83,68.12,67.87,67.93,109351
2020-01-03 18:00:00,68.05,67.71,67.31,67.39,54119
2020-01-03 19:00:00,67.27,66.93,66.45,66.79,81852
2020-01-03 20:00:00,66.87,67.84,66.99,67.09,63709
2020-01-03 21:00:00,67.18,67.89,67.48,67.83,88874
2020-01-03 22:00:00,67.8,67.52,66.85,67.22,112495
2020-01-03 23:00:00,66.93,67.72,67.53,67.54,75122
2020-01-06 00:00:00,67.17,67.93,67.67,67.81,144651
2020-01-06 01:00:00,68.02,66.68,66.01,66.57,124417
2020-01-06 02:00:00,66.72,67.24,67.16,67.18,63498
2020-01-06 03:00:00,67.25,67.06,66.68,66.98,57380
2020-01-06 04:00:00,67.14,67.36,66.38,66.58,127941
2020-01-06 05:00:00,66.46,66.9,66.24,66.55,74192
2020-01-06 06:00:00,66.49,67.17,67.0,67.16,95575
2020-01-06 07:00:00,67.2,67.15,66.64,66.66,71644
2020-01-06 08:00:00,66.65,67.14,66.8,66.9,96924
2020-01-06 09:00:00,67.04,67.37,66.92,66.93,124383
2020-01-06 10:00:00,67.04,64.63,63.91,64.45,172253
2020-01-06 11:00:00,64.45,66.23,64.97,65.18,101293
2020-01-06 12:00:00,65.18,65.0,64.49,64.75,115279
2020-01-06 13:00:00,64.58,65.21,64.51,64.86,57892
2020-01-06 14:00:00,64.84,64.77,64.48,64.69,128161
2020-01-06 15:00:00,64.74,63.84,63.56,63.77,133437
2020-01-06 16:00:00,64.01,64.18,63.59,63.91,100128
2020-01-06 17:00:00,64.02,64.51,63.48,63.94,111011
2020-01-06 18:00:00,64.01,64.46,64.31,64.38,63855
2020-01-06 19:00:00,64.16,64.71,64.07,64.14,93677
2020-01-06 20:00:00,64.05,65.0,64.62,64.9,117965
2020-01-06 21:00:00,64.86,65.31,64.7,65.08,80225
2020-01-06 22:00:00,65.06,65.05,64.64,64.94,67818
2020-01-06 23:00:00,64.9,65.31,65.08,65.18,94557
2020-01-07 00:00:00,65.23,66.25,65.7,65.74,95147
2020-01-07 01:00:00,65.85,64.97,64.74,64.9,85794
2020-01-07 02:00:00,64.75,65.01,64.65,64.85,58904
2020-01-07 03:00:00,64.72,64.97,64.62,64.94,134578
2020-01-07 04:00:00,64.88,64.11,63.85,64.09,56651
2020-01-07 05:00:00,64.09,65.27,64.87,64.96,71750
2020-01-07 06:00:00,64.82,66.3,65.66,65.9,74403
2020-01-07 07:00:00,66.02,65.81,65.72,65.77,78454
2020-01-07 08:00:00,65.76,66.05,65.2,65.96,137179
2020-01-07 09:00:00,66.14,67.06,66.92,67.05,142101
2020-01-07 10:00:00,67.12,67.66,66.92,67.43,112726
2020-01-07 11:00:00,67.52,67.72,67.22,67.6,53285
2020-01-07 12:00:00,67.71,69.42,68.85,68.97,68052
2020-01-07 13:00:00,69.01,69.06,68.3,68.61,92298
2020-01-07 14:00:00,68.59,68.02,67.37,67.73,92970
2020-01-07 15:00:00,67.8,67.75,67.61,67.75,116660
2020-01-07 16:00:00,67.59,67.99,67.57,67.76,107082
2020-01-07 17:00:00,67.89,68.54,68.33,68.46,89020
2020-01-07 18:00:00,68.48,68.63,67.7,68.3,145532
2020-01-07 19:00:00,68.52,68.81,68.41,68.59,51408
2020-01-07 20:00:00,68.37,69.57,68.74,69.06,132938
2020-01-07 21:00:00,69.07,67.49,67.31,67.42,170566
2020-01-07 22:00:00,67.38,67.06,66.63,67.03,126047
2020-01-07 23:00:00,66.99,67.16,66.59,66.75,81643
2020-01-08 00:00:00,66.83,65.43,65.12,65.36,220827
2020-01-08 01:00:00,65.32,63.24,62.9,63.07,208420
2020-01-08 02:00:00,62.89,61.91,61.37,61.52,192821
2020-01-08 03:00:00,61.38,61.31,60.98,61.08,163046
2020-01-08 04:00:00,61.06,60.33,59.6,59.78,197490
2020-01-08 05:00:00,59.72,59.67,59.11,59.57,200395
2020-01-08 06:00:00,59.68,60.02,59.83,59.89,133246
2020-01-08 07:00:00,59.8,61.48,60.17,60.56,121141
2020-01-08 08:00:00,60.54,59.82,59.66,59.74,75214
2020-01-08 09:00:00,59.76,60.84,60.35,60.44,81728
2020-01-08 10:00:00,60.59,60.78,60.17,60.49,211255
2020-01-08 11:00:00,60.62,60.49,60.01,60.37,82735
2020-01-08 12:00:00,60.59,58.22,58.05,58.08,193692
2020-01-08 13:00:00,58.19,58.34,58.05,58.16,125465
2020-01-08 14:00:00,58.21,58.12,57.67,57.96,122584
2020-01-08 15:00:00,57.83,60.96,60.54,60.68,102925
2020-01-08 16:00:00,60.69,60.19,59.71,59.88,141948
2020-01-08 17:00:00,59.93,57.43,56.76,57.06,158425
2020-01-08 18:00:00,57.03,58.16,57.2,57.51,77002
2020-01-08 19:00:00,57.45,58.06,58.02,58.02,161462
2020-01-08 20:00:00,58.36,58.25,57.67,58.04,182815
2020-01-08 21:00:00,57.9,55.99,55.25,55.73,228885
2020-01-08 22:00:00,55.79,54.46,54.17,54.31,121025
2020-01-08 23:00:00,54.23,53.3,53.02,53.26,163210
2020-01-09 00:00:00,53.09,54.69,54.13,54.51,112931
2020-01-09 01:00:00,54.56,54.71,54.41,54.66,117359
2020-01-09 02:00:00,54.37,54.48,54.23,54.32,61035
2020-01-09 03:00:00,54.15,54.77,54.26,54.47,118546
2020-01-09 04:00:00,54.63,55.94,55.55,55.83,112680
2020-01-09 05:00:00,55.74,55.72,55.08,55.26,52385
2020-01-09 06:00:00,55.33,55.51,55.4,55.41,84443
2020-01-09 07:00:00,55.54,55.47,55.39,55.44,79753
2020-01-09 08:00:00,55.35,55.19,54.72,55.04,149049
2020-01-09 09:00:00,55.04,55.35,55.17,55.18,118600
2020-01-09 10:00:00,55.27,55.45,54.91,55.03,132947
2020-01-09 11:00:00,55.03,54.64,53.81,54.21,114646
2020-01-09 12:00:00,54.21,55.03,54.55,54.59,126932
2020-01-09 13:00:00,54.67,55.22,54.9,54.99,82108
2020-01-09 14:00:00,55.09,55.53,54.69,54.95,76106
2020-01-09 15:00:00,54.85,55.88,55.56,55.72,128727
2020-01-09 16:00:00,55.63,56.23,55.71,55.95,100067
2020-01-09 17:00:00,55.9,56.69,55.85,56.49,116962
2020-01-09 18:00:00,56.46,57.06,56.69,57.02,149331
2020-01-09 19:00:00,57.01,58.14,58.09,58.14,74628
2020-01-09 20:00:00,58.42,58.12,57.97,58.08,113397
2020-01-09 21:00:00,58.0,58.86,58.61,58.66,96980
2020-01-09 22:00:00,58.63,59.01,58.71,58.87,136484
2020-01-09 23:00:00,58.85,58.44,58.23,58.4,110841
2020-01-10 00:00:00,58.38,59.35,59.11,59.3,61372
2020-01-10 01:00:00,59.25,60.23,59.49,59.86,117966
2020-01-10 02:00:00,60.14,60.28,59.69,60.13,61036
2020-01-10 03:00:00,60.17,59.94,59.07,59.42,80927
2020-01-10 04:00:00,59.32,59.94,58.92,59.55,136047
2020-01-10 05:00:00,59.55,59.76,59.14,59.46,128534
2020-01-10 06:00:00,59.46,60.1,59.38,59.89,84989
2020-01-10 07:00:00,60.01,59.85,59.17,59.74,80449
2020-01-10 08:00:00,59.7,60.06,59.95,60.01,118592
2020-01-10 09:00:00,59.93,60.95,59.89,60.32,73829
2020-01-10 10:00:00,60.28,60.07,59.89,59.93,59960
2020-01-10 11:00:00,59.99,60.49,60.25,60.29,63288
2020-01-10 12:00:00,60.08,59.76,59.35,59.5,71557
2020-01-10 13:00:00,59.51,59.08,58.94,59.04,124043
2020-01-10 14:00:00,58.89,58.08,58.0,58.05,127281
2020-01-10 15:00:00,57.99,58.33,57.99,58.18,69012
2020-01-10 16:00:00,58.16,58.08,57.62,58.06,97286
2020-01-10 17:00:00,58.19,57.03,56.69,56.77,164619
2020-01-10 18:00:00,56.81,56.31,56.2,56.29,67178
2020-01-10 19:00:00,56.27,57.72,57.31,57.32,100625
2020-01-10 20:00:00,57.74,57.83,57.71,57.8,119634
2020-01-10 21:00:00,57.95,59.51,58.8,59.01,178866
2020-01-10 22:00:00,58.95,59.55,58.91,59.36,91105
2020-01-10 23:00:00,59.33,59.14,58.74,58.83,95441
2020-01-13 00:00:00,59.01,58.59,58.07,58.4,108345
2020-01-13 01:00:00,58.47,57.93,57.66,57.89,103795
2020-01-13 02:00:00,57.95,57.16,57.02,57.08,119327
2020-01-13 03:00:00,56.95,57.71,57.56,57.59,94874
2020-01-13 04:00:00,57.69,58.63,58.54,58.55,123729
2020-01-13 05:00:00,58.4,58.29,57.53,57.82,105469
2020-01-13 06:00:00,57.87,58.68,58.53,58.53,80894
2020-01-13 07:00:00,58.61,59.3,59.18,59.2,60735
2020-01-13 08:00:00,59.21,58.94,57.97,58.56,116836
2020-01-13 09:00:00,58.66,57.1,56.85,57.02,102569
2020-01-13 10:00:00,56.93,57.41,56.87,57.22,65645
2020-01-13 11:00:00,57.05,57.43,57.28,57.32,80195
2020-01-13 12:00:00,57.2,57.5,56.79,57.04,146859
2020-01-13 13:00:00,57.09,57.42,57.09,57.34,120390
2020-01-13 14:00:00,57.6,57.18,56.23,57.06,104985
2020-01-13 15:00:00,57.13,57.21,56.52,56.83,104753
2020-01-13 16:00:00,57.0,56.69,56.16,56.44,56051
2020-01-13 17:00:00,56.23,56.51,56.12,56.4,113721
2020-01-13 18:00:00,56.41,57.01,56.39,56.69,132269
2020-01-13 19:00:00,56.84,56.49,55.98,56.09,127114
2020-01-13 20:00:00,56.13,56.93,56.22,56.69,143586
2020-01-13 21:00:00,56.73,56.01,55.55,55.73,105537
2020-01-13 22:00:00,55.72,55.65,55.07,55.31,125739
2020-01-13 23:00:00,55.37,55.66,55.46,55.48,131009
2020-01-14 00:00:00,55.44,55.46,55.1,55.35,76492
2020-01-14 01:00:00,55.37,55.73,55.7,55.71,78382
2020-01-14 02:00:00,55.5,56.51,56.09,56.4,115573
2020-01-14 03:00:00,56.48,56.05,55.53,55.78,119188
2020-01-14 04:00:00,55.6,56.74,55.94,56.32,55315
2020-01-14 05:00:00,56.33,57.3,56.82,56.9,60762
2020-01-14 06:00:00,56.98,56.56,56.09,56.55,109323
2020-01-14 07:00:00,56.6,57.1,56.46,56.57,121770
2020-01-14 08:00:00,56.37,57.51,56.93,57.24,72508
2020-01-14 09:00:00,56.96,56.47,56.36,56.43,110850
2020-01-14 10:00:00,56.3,58.12,57.85,57.89,138556
2020-01-14 11:00:00,57.79,57.76,57.24,57.44,115833
2020-01-14 12:00:00,57.42,57.8,57.28,57.38,123031
2020-01-14 13:00:00,57.43,57.67,57.3,57.63,118052
2020-01-14 14:00:00,57.83,58.03,57.59,57.75,122670
2020-01-14 15:00:00,57.83,57.21,56.82,57.04,125545
2020-01-14 16:00:00,56.99,58.13,57.6,57.8,93109
2020-01-14 17:00:00,57.82,56.91,56.5,56.64,83733
2020-01-14 18:00:00,56.51,56.93,56.12,56.55,82803
2020-01-14 19:00:00,56.58,57.64,57.3,57.37,95746
2020-01-14 20:00:00,57.45,57.63,56.87,56.95,123293
2020-01-14 21:00:00,57.02,56.85,56.15,56.53,139569
2020-01-14 22:00:00,56.44,55.69,54.8,55.69,73604
2020-01-14 23:00:00,55.54,55.77,54.98,55.57,125028
2020-01-15 00:00:00,55.43,55.04,54.47,54.91,102154
2020-01-15 01:00:00,55.09,53.99,53.54,53.92,90189
2020-01-15 02:00:00,53.94,54.49,53.53,53.89,196271
2020-01-15 03:00:00,53.96,53.84,53.5,53.81,129906
2020-01-15 04:00:00,53.89,55.69,55.35,55.62,144466
2020-01-15 05:00:00,55.35,56.99,56.14,56.53,139557
2020-01-15 06:00:00,56.64,55.11,54.45,54.88,222493
2020-01-15 07:00:00,54.81,54.88,54.26,54.52,202918
2020-01-15 08:00:00,54.68,53.57,53.22,53.53,128428
2020-01-15 09:00:00,53.37,54.19,53.65,53.81,206381
2020-01-15 10:00:00,53.84,54.76,54.46,54.48,98141
2020-01-15 11:00:00,54.58,53.62,52.92,53.16,222142
2020-01-15 12:00:00,53.2,52.12,51.64,52.05,231781
2020-01-15 13:00:00,51.96,53.66,52.79,53.23,167840
2020-01-15 14:00:00,53.3,55.22,54.96,55.11,210310
2020-01-15 15:00:00,55.01,52.3,52.11,52.26,202421
2020-01-15 16:00:00,52.27,53.24,52.75,53.01,218846
2020-01-15 17:00:00,53.03,53.94,53.72,53.91,76431
2020-01-15 18:00:00,53.99,53.54,52.96,53.49,174962
2020-01-15 19:00:00,53.41,56.01,55.31,55.91,256127
2020-01-15 20:00:00,56.07,57.28,57.14,57.26,218488
2020-01-15 21:00:00,57.17,57.95,57.61,57.75,104623
2020-01-15 22:00:00,57.89,58.81,58.04,58.54,89551
2020-01-15 23:00:00,58.65,60.09,59.68,59.79,153179
2020-01-16 00:00:00,59.92,59.78,59.58,59.69,146346
2020-01-16 01:00:00,59.62,59.46,59.15,59.19,99574
2020-01-16 02:00:00,59.0,59.96,59.43,59.7,98977
2020-01-16 03:00:00,59.53,59.27,58.86,59.12,88862
2020-01-16 04:00:00,58.92,58.9,58.45,58.89,75125
2020-01-16 05:00:00,58.92,59.33,58.93,59.17,112853
2020-01-16 06:00:00,59.26,59.37,59.19,59.3,110542
2020-01-16 07:00:00,59.14,58.13,57.58,58.12,119824
2020-01-16 08:00:00,58.26,58.31,58.27,58.29,67829
2020-01-16 09:00:00,58.07,58.07,57.39,57.98,73813
2020-01-16 10:00:00,58.12,56.99,56.76,56.95,111316
2020-01-16 11:00:00,56.99,59.81,59.53,59.74,85769
2020-01-16 12:00:00,59.74,60.34,59.75,60.03,106489
2020-01-16 13:00:00,60.12,59.91,59.33,59.6,93364
2020-01-16 14:00:00,59.5,60.96,60.64,60.72,97450
2020-01-16 15:00:00,60.56,60.4,59.79,60.15,68064
2020-01-16 16:00:00,60.29,60.05,59.9,59.99,86510
2020-01-16 17:00:00,59.78,59.75,59.09,59.33,114661
2020-01-16 18:00:00,59.27,58.69,58.31,58.34,114720
2020-01-16 19:00:00,58.09,58.56,57.61,57.98,143320
2020-01-16 20:00:00,57.88,57.65,57.34,57.49,58346
2020-01-16 21:00:00,57.55,57.9,57.4,57.74,87624
2020-01-16 22:00:00,57.64,56.36,56.11,56.28,101941
2020-01-16 23:00:00,56.22,56.8,56.31,56.33,132791
2020-01-17 00:00:00,56.25,55.68,55.29,55.32,110403
2020-01-17 01:00:00,55.36,54.93,54.71,54.76,64654
2020-01-17 02:00:00,54.91,55.79,55.42,55.54,132900
2020-01-17 03:00:00,55.58,55.62,55.44,55.61,122103
2020-01-17 04:00:00,55.54,55.74,54.97,55.13,118854
2020-01-17 05:00:00,55.27,55.82,55.44,55.44,76986
2020-01-17 06:00:00,55.48,55.3,54.93,55.07,121079
2020-01-17 07:00:00,54.95,54.52,54.17,54.4,131881
2020-01-17 08:00:00,54.37,54.2,53.51,54.1,126036
2020-01-17 09:00:00,53.99,53.94,53.58,53.8,118833
2020-01-17 10:00:00,54.1,54.19,53.86,53.88,124989
2020-01-17 11:00:00,53.81,54.43,53.69,53.7,58480
2020-01-17 12:00:00,53.54,53.58,53.31,53.46,70862
2020-01-17 13:00:00,53.43,53.86,53.5,53.63,87555
2020-01-17 14:00:00,53.75,52.46,52.27,52.43,74803
2020-01-17 15:00:00,52.27,52.7,52.07,52.3,105192
2020-01-17 16:00:00,52.28,53.88,53.29,53.43,110873
2020-01-17 17:00:00,53.36,53.66,53.13,53.65,138411
2020-01-17 18:00:00,53.73,53.39,52.8,53.15,84613
2020-01-17 19:00:00,53.05,54.41,54.1,54.28,73510
2020-01-17 20:00:00,54.42,54.87,53.78,54.53,64174
2020-01-17 21:00:00,54.43,55.04,54.41,54.72,137016
2020-01-17 22:00:00,54.7,55.26,54.76,55.0,100483
2020-01-17 23:00:00,54.97,55.31,54.59,55.21,106596
2020-01-20 00:00:00,55.07,54.52,54.11,54.28,89137
2020-01-20 01:00:00,54.26,54.07,53.84,53.97,142712
2020-01-20 02:00:00,53.86,54.2,53.99,54.08,76428
2020-01-20 03:00:00,54.12,56.33,55.94,56.11,105236
2020-01-20 04:00:00,56.08,57.77,57.34,57.56,76826
2020-01-20 05:00:00,57.64,57.62,57.19,57.59,113837
2020-01-20 06:00:00,57.63,56.75,56.48,56.64,51389
2020-01-20 07:00:00,56.5,56.62,56.35,56.54,131485
2020-01-20 08:00:00,56.33,57.56,57.39,57.53,94932
2020-01-20 09:00:00,57.66,58.53,58.07,58.29,72606
2020-01-20 10:00:00,58.32,58.33,57.95,58.27,80776
2020-01-20 11:00:00,58.35,58.73,58.3,58.36,59281
2020-01-20 12:00:00,58.51,57.3,57.22,57.25,76381
2020-01-20 13:00:00,57.15,58.11,57.34,57.79,86311
2020-01-20 14:00:00,57.84,60.54,59.79,60.17,78372
2020-01-20 15:00:00,60.23,59.95,59.52,59.84,93310
2020-01-20 16:00:00,59.94,59.13,58.92,59.08,76708
2020-01-20 17:00:00,59.12,58.22,57.82,57.99,104510
2020-01-20 18:00:00,58.05,58.9,58.32,58.73,85589
2020-01-20 19:00:00,58.72,58.16,57.68,57.82,75012
2020-01-20 20:00:00,57.7,57.34,56.86,57.07,63434
2020-01-20 21:00:00,57.03,57.01,56.49,56.63,75729
2020-01-20 22:00:00,56.82,56.19,55.97,56.03,68347
2020-01-20 23:00:00,55.81,53.15,52.98,53.06,156982
2020-01-21 00:00:00,52.88,53.57,53.35,53.36,89837
2020-01-21 01:00:00,53.11,53.82,53.06,53.4,91340
2020-01-21 02:00:00,53.53,54.41,53.94,54.15,124614
2020-01-21 03:00:00,54.2,53.98,53.45,53.55,79950
2020-01-21 04:00:00,53.54,53.85,53.02,53.18,107443
2020-01-21 05:00:00,53.25,53.25,52.72,53.22,105706
2020-01-21 06:00:00,53.04,53.68,53.42,53.53,115231
2020-01-21 07:00:00,53.57,53.09,52.9,52.95,53332
2020-01-21 08:00:00,52.92,51.07,50.95,50.96,118897
2020-01-21 09:00:00,51.05,50.44,50.28,50.39,57731
2020-01-21 10:00:00,50.26,50.94,50.53,50.84,89671
2020-01-21 11:00:00,50.65,50.5,50.08,50.37,55997
2020-01-21 12:00:00,50.35,50.4,50.11,50.36,61942
2020-01-21 13:00:00,50.41,50.34,49.83,49.98,115383
2020-01-21 14:00:00,50.01,50.51,50.23,50.38,114849
2020-01-21 15:00:00,50.31,50.55,49.6,50.5,71232
2020-01-21 16:00:00,50.49,50.44,50.21,50.24,117532
2020-01-21 17:00:00,50.26,51.26,50.8,51.09,113730
2020-01-21 18:00:00,51.12,51.54,51.05,51.51,105270
2020-01-21 19:00:00,51.34,52.45,52.07,52.08,108393
2020-01-21 20:00:00,52.07,52.75,52.21,52.64,144091
2020-01-21 21:00:00,52.74,52.72,52.49,52.69,141917
2020-01-21 22:00:00,52.71,54.32,53.21,53.34,120029
2020-01-21 23:00:00,53.4,53.31,53.05,53.13,56315
2020-01-22 00:00:00,53.13,55.43,55.29,55.3,104874
2020-01-22 01:00:00,55.32,56.91,55.54,56.31,198918
2020-01-22 02:00:00,56.2,55.2,54.78,54.9,255812
2020-01-22 03:00:00,54.91,54.03,53.93,53.99,185902
2020-01-22 04:00:00,53.75,55.89,55.55,55.79,175129
2020-01-22 05:00:00,55.69,55.21,54.81,55.02,94779
2020-01-22 06:00:00,54.83,53.59,53.12,53.5,136630
2020-01-22 07:00:00,53.54,51.77,51.32,51.64,152046
2020-01-22 08:00:00,51.44,51.85,51.71,51.84,112746
2020-01-22 09:00:00,51.98,51.96,51.38,51.64,122652
2020-01-22 10:00:00,51.8,52.18,51.86,51.97,129375
2020-01-22 11:00:00,52.05,53.06,52.5,52.84,146419
2020-01-22 12:00:00,52.98,53.08,52.57,53.04,182715
2020-01-22 13:00:00,53.0,53.63,53.46,53.48,173564
2020-01-22 14:00:00,53.54,54.41,54.26,54.27,109478
2020-01-22 15:00:00,54.25,55.98,55.4,55.51,120325
2020-01-22 16:00:00,55.54,55.32,54.8,55.02,78814
2020-01-22 17:00:00,54.93,55.49,54.85,55.15,179374
2020-01-22 18:00:00,55.1,55.06,54.91,54.95,183398
2020-01-22 19:00:00,54.84,55.51,54.96,54.97,175278
2020-01-22 20:00:00,54.83,55.57,54.73,55.37,219189
2020-01-22 21:00:00,55.39,57.75,57.15,57.19,177891
2020-01-22 22:00:00,57.12,57.88,57.64,57.69,198738
2020-01-22 23:00:00,57.76,57.14,56.79,56.88,217657
2020-01-23 00:00:00,56.9,56.24,55.23,55.52,194777
2020-01-23 01:00:00,55.67,54.55,54.07,54.47,77806
2020-01-23 02:00:00,54.56,54.58,53.94,54.16,92381
2020-01-23 03:00:00,54.25,54.78,54.05,54.46,97129
2020-01-23 04:00:00,54.42,54.9,54.3,54.51,145081
2020-01-23 05:00:00,54.51,54.92,54.42,54.82,133349
2020-01-23 06:00:00,54.79,55.34,55.14,55.3,77436
2020-01-23 07:00:00,55.2,56.0,55.2,55.55,133144
2020-01-23 08:00:00,55.61,56.35,56.03,56.05,95423
2020-01-23 09:00:00,55.98,56.34,56.0,56.03,134407
2020-01-23 10:00:00,55.88,55.02,54.75,54.81,162073
2020-01-23 11:00:00,54.66,52.44,51.8,52.16,91631
2020-01-23 12:00:00,52.31,53.29,52.81,52.95,134355
2020-01-23 13:00:00,53.06,53.18,52.5,52.91,145829
2020-01-23 14:00:00,52.92,52.67,52.51,52.64,51978
2020-01-23 15:00:00,52.7,53.29,53.05,53.29,51255
2020-01-23 16:00:00,53.04,54.35,54.15,54.19,101198
2020-01-23 17:00:00,54.03,54.83,53.97,54.08,113096
2020-01-23 18:00:00,54.23,54.92,54.32,54.85,149638
2020-01-23 19:00:00,54.79,55.21,54.87,55.04,80484
2020-01-23 20:00:00,55.08,55.35,55.03,55.08,90234
2020-01-23 21:00:00,54.97,56.36,56.1,56.2,98981
2020-01-23 22:00:00,56.31,56.5,55.72,55.9,143383
2020-01-23 23:00:00,55.92,56.27,55.1,55.6,84061
2020-01-24 00:00:00,55.55,54.54,54.39,54.48,79870
2020-01-24 01:00:00,54.55,54.78,54.16,54.71,90528
2020-01-24 02:00:00,54.59,54.17,53.59,53.65,59643
2020-01-24 03:00:00,53.58,53.73,53.68,53.72,75649
2020-01-24 04:00:00,53.8,54.34,53.9,54.04,112789
2020-01-24 05:00:00,54.07,53.74,53.02,53.6,123660
2020-01-24 06:00:00,53.7,54.31,54.12,54.16,77783
2020-01-24 07:00:00,54.07,54.31,54.12,54.18,143322
2020-01-24 08:00:00,54.1,54.83,54.05,54.66,111683
2020-01-24 09:00:00,54.64,54.79,54.53,54.55,65985
2020-01-24 10:00:00,54.43,54.74,53.97,54.31,53981
2020-01-24 11:00:00,54.25,54.62,54.26,54.4,58100
2020-01-24 12:00:00,54.46,54.71,54.4,54.68,106531
2020-01-24 13:00:00,54.61,54.88,54.4,54.71,54186
2020-01-24 14:00:00,54.7,55.01,54.72,54.97,88399
2020-01-24 15:00:00,54.96,55.99,55.65,55.74,113802
2020-01-24 16:00:00,55.82,56.57,56.23,56.3,71821
2020-01-24 17:00:00,56.34,56.41,55.87,56.06,90347
2020-01-24 18:00:00,56.1,56.42,56.05,56.34,88454
2020-01-24 19:00:00,56.33,57.37,56.72,57.31,125265
2020-01-24 20:00:00,57.29,57.09,56.88,56.99,62490
2020-01-24 21:00:00,57.11,56.14,55.74,56.13,53029
2020-01-24 22:00:00,56.01,58.54,57.96,58.51,169545
2020-01-24 23:00:00,58.46,58.86,58.47,58.53,110156
2020-01-27 00:00:00,58.55,58.11,57.95,58.06,94582
2020-01-27 01:00:00,58.15,60.83,60.32,60.74,149963
2020-01-27 02:00:00,60.78,61.19,60.58,60.97,98221
2020-01-27 03:00:00,60.97,61.08,60.63,60.78,74456
2020-01-27 04:00:00,60.74,60.78,60.5,60.51,106623
2020-01-27 05:00:00,60.57,60.2,60.04,60.11,90234
2020-01-27 06:00:00,60.19,59.91,59.69,59.74,99263
2020-01-27 07:00:00,59.88,60.01,59.29,59.33,128218
2020-01-27 08:00:00,59.25,57.96,57.62,57.89,142443
2020-01-27 09:00:00,57.84,57.3,57.21,57.21,148640
2020-01-27 10:00:00,57.14,57.68,56.96,57.46,140042
2020-01-27 11:00:00,57.51,57.87,57.15,57.54,71610
2020-01-27 12:00:00,57.51,56.78,56.24,56.71,109677
2020-01-27 13:00:00,56.6,56.56,55.47,55.98,144874
2020-01-27 14:00:00,56.08,56.02,55.33,55.94,77925
2020-01-27 15:00:00,56.18,56.5,55.82,56.13,59697
2020-01-27 16:00:00,56.29,56.39,56.21,56.35,125815
2020-01-27 17:00:00,56.27,56.77,56.64,56.64,132546
2020-01-27 18:00:00,56.58,56.67,55.81,56.49,83914
2020-01-27 19:00:00,56.4,56.3,55.97,56.06,84124
2020-01-27 20:00:00,56.13,56.31,56.0,56.15,68072
2020-01-27 21:00:00,56.02,56.63,56.13,56.18,98119
2020-01-27 22:00:00,56.2,57.07,56.84,57.01,76514
2020-01-27 23:00:00,56.99,57.01,56.5,56.62,128713
2020-01-28 00:00:00,56.59,57.76,56.87,57.36,71599
2020-01-28 01:00:00,57.2,56.98,56.53,56.81,55620
2020-01-28 02:00:00,56.76,55.15,54.63,55.09,106169
2020-01-28 03:00:00,55.16,54.17,53.97,53.99,91286
2020-01-28 04:00:00,53.9,53.94,53.86,53.94,53010
2020-01-28 05:00:00,54.04,54.05,53.52,53.97,68449
2020-01-28 06:00:00,53.9,54.19,53.63,53.91,89472
2020-01-28 07:00:00,53.88,54.86,54.68,54.78,97052
2020-01-28 08:00:00,54.59,54.6,54.32,54.34,72125
2020-01-28 09:00:00,54.29,55.47,55.33,55.43,162142
2020-01-28 10:00:00,55.35,54.97,54.85,54.93,54158
2020-01-28 11:00:00,54.87,55.03,54.85,54.88,72466
2020-01-28 12:00:00,54.89,55.14,54.68,54.86,133208
2020-01-28 13:00:00,54.97,55.64,55.32,55.57,93535
2020-01-28 14:00:00,55.55,55.96,55.19,55.52,95408
2020-01-28 15:00:00,55.51,55.94,55.67,55.75,101586
2020-01-28 16:00:00,55.66,54.84,53.99,54.28,91125
2020-01-28 17:00:00,54.3,55.24,54.82,54.97,141169
2020-01-28 18:00:00,54.89,54.99,54.44,54.88,134887
2020-01-28 19:00:00,54.94,55.05,54.75,54.89,105884
2020-01-28 20:00:00,55.0,54.74,54.65,54.73,72656
2020-01-28 21:00:00,54.77,55.24,54.89,54.91,70964
2020-01-28 22:00:00,54.98,55.0,54.51,54.76,101091
2020-01-28 23:00:00,54.79,55.06,54.99,55.01,58269
2020-01-29 00:00:00,55.2,55.82,55.51,55.69,135552
2020-01-29 01:00:00,55.54,57.71,57.53,57.62,274289
2020-01-29 02:00:00,57.58,56.74,56.2,56.72,152853
2020-01-29 03:00:00,56.7,56.75,56.06,56.39,135971
2020-01-29 04:00:00,56.72,56.08,55.42,55.64,112377
2020-01-29 05:00:00,55.56,57.28,56.29,56.8,179830
2020-01-29 06:00:00,56.7,56.77,56.4,56.73,79112
2020-01-29 07:00:00,56.69,55.89,55.58,55.76,171226
2020-01-29 08:00:00,55.69,57.37,56.82,57.32,194871
2020-01-29 09:00:00,57.65,58.17,57.86,58.11,149672
2020-01-29 10:00:00,58.09,59.11,58.68,59.04,81628
2020-01-29 11:00:00,58.95,59.57,58.64,59.2,89614
2020-01-29 12:00:00,59.21,60.52,60.24,60.27,110181
2020-01-29 13:00:00,60.24,62.08,61.22,61.47,201331
2020-01-29 14:00:00,61.31,62.2,61.69,61.83,150970
2020-01-29 15:00:00,61.78,61.51,60.52,60.93,169031
2020-01-29 16:00:00,60.92,61.39,60.8,61.03,136036
2020-01-29 17:00:00,61.05,61.67,60.86,61.51,201392
2020-01-29 18:00:00,61.58,63.31,62.58,62.95,277784
2020-01-29 19:00:00,62.98,62.22,61.74,61.93,118462
2020-01-29 20:00:00,61.85,63.43,62.48,62.8,87929
2020-01-29 21:00:00,62.78,64.58,63.81,64.1,267563
2020-01-29 22:00:00,64.12,62.09,61.62,61.66,287380
2020-01-29 23:00:00,61.64,60.59,60.32,60.39,227250
2020-01-30 00:00:00,60.23,61.32,61.07,61.15,52677
2020-01-30 01:00:00,61.15,62.19,61.14,61.7,110291
2020-01-30 02:00:00,61.51,61.62,60.71,61.07,63673
2020-01-30 03:00:00,60.93,61.73,61.12,61.34,108886
2020-01-30 04:00:00,61.45,62.05,61.68,61.74,96526
2020-01-30 05:00:00,61.67,62.93,62.24,62.63,142011
2020-01-30 06:00:00,62.66,63.26,62.84,62.99,108598
2020-01-30 07:00:00,62.77,62.44,62.07,62.25,96198
2020-01-30 08:00:00,62.5,62.08,61.51,61.9,80727
2020-01-30 09:00:00,61.94,62.27,61.71,62.06,106168
2020-01-30 10:00:00,61.86,61.94,61.81,61.89,130673
2020-01-30 11:00:00,61.68,62.38,62.04,62.18,53172
2020-01-30 12:00:00,62.35,61.95,61.85,61.88,85150
2020-01-30 13:00:00,61.94,63.23,62.64,62.88,79580
2020-01-30 14:00:00,62.94,61.72,61.03,61.27,163823
2020-01-30 15:00:00,61.29,60.7,60.25,60.32,88996
2020-01-30 16:00:00,60.27,60.95,60.65,60.73,51105
2020-01-30 17:00:00,60.52,60.93,60.69,60.86,125436
2020-01-30 18:00:00,60.96,61.33,61.06,61.21,73341
2020-01-30 19:00:00,61.34,60.92,60.53,60.75,129013
2020-01-30 20:00:00,60.83,57.57,57.28,57.3,186928
2020-01-30 21:00:00,56.99,57.52,57.39,57.46,108121
2020-01-30 22:00:00,57.64,57.57,57.41,57.55,95116
2020-01-30 23:00:00,57.55,58.46,57.79,58.34,57132
2020-01-31 00:00:00,58.26,58.85,58.4,58.62,115910
2020-01-31 01:00:00,58.41,58.68,58.01,58.35,123486
2020-01-31 02:00:00,58.5,59.44,58.71,59.04,112315
2020-01-31 03:00:00,59.16,59.36,59.0,59.09,148961
2020-01-31 04:00:00,59.08,59.4,58.94,59.34,149011
2020-01-31 05:00:00,59.45,58.2,57.92,58.08,167965
2020-01-31 06:00:00,57.99,58.28,58.1,58.11,137121
2020-01-31 07:00:00,58.05,59.07,57.98,58.28,105274
2020-01-31 08:00:00,58.3,57.61,57.21,57.57,141211
2020-01-31 09:00:00,57.49,58.44,58.25,58.26,148869
2020-01-31 10:00:00,58.24,59.0,57.99,58.4,91485
2020-01-31 11:00:00,58.29,59.32,58.7,59.06,149575
2020-01-31 12:00:00,59.06,59.43,58.84,59.39,77254
2020-01-31 13:00:00,59.56,59.31,58.63,59.0,93133
2020-01-31 14:00:00,58.77,59.81,59.13,59.14,126126
2020-01-31 15:00:00,59.28,59.42,58.98,59.07,68636
2020-01-31 16:00:00,58.97,60.22,59.33,59.76,147660
2020-01-31 17:00:00,59.57,60.76,59.92,60.21,95737
2020-01-31 18:00:00,60.21,60.54,60.06,60.13,63324
2020-01-31 19:00:00,60.22,60.58,60.25,60.42,110794
2020-01-31 20:00:00,60.52,62.07,61.39,61.55,126085
2020-01-31 21:00:00,61.61,59.34,58.88,59.09,120289
2020-01-31 22:00:00,59.12,59.38,59.14,59.16,60728
2020-01-31 23:00:00,59.02,59.32,58.97,58.97,60084
2020-02-03 00:00:00,58.85,58.73,58.15,58.39,133812
2020-02-03 01:00:00,58.11,57.43,57.0,57.22,185830
2020-02-03 02:00:00,57.34,57.8,57.3,57.41,60950
2020-02-03 03:00:00,57.48,57.61,56.9,57.3,100418
2020-02-03 04:00:00,57.4,58.49,57.54,57.97,60923
2020-02-03 05:00:00,57.85,58.63,58.54,58.56,68536
2020-02-03 06:00:00,58.48,56.42,55.91,56.09,103422
2020-02-03 07:00:00,56.01,57.8,57.22,57.44,193828
2020-02-03 08:00:00,57.42,57.38,56.74,56.98,54628
2020-02-03 09:00:00,56.86,57.21,57.01,57.12,62001
2020-02-03 10:00:00,57.16,57.31,56.98,57.02,98716
2020-02-03 11:00:00,57.25,57.12,56.65,57.04,110064
2020-02-03 12:00:00,57.08,56.97,56.79,56.89,110730
2020-02-03 13:00:00,56.86,57.59,57.14,57.27,75979
2020-02-03 14:00:00,57.24,56.35,55.9,56.07,137248
2020-02-03 15:00:00,56.12,56.91,56.31,56.65,77842
2020-02-03 16:00:00,56.48,56.54,56.35,56.43,145562
2020-02-03 17:00:00,56.48,57.63,57.61,57.62,101517
2020-02-03 18:00:00,57.67,57.5,57.38,57.4,51157
2020-02-03 19:00:00,57.45,57.85,57.41,57.78,148187
2020-02-03 20:00:00,57.72,59.36,59.09,59.36,122647
2020-02-03 21:00:00,59.26,59.25,58.84,58.93,107688
2020-02-03 22:00:00,58.9,60.49,59.63,59.81,76437
2020-02-03 23:00:00,59.88,59.02,58.73,59.0,82957
2020-02-04 00:00:00,59.0,59.78,59.59,59.62,110494
2020-02-04 01:00:00,59.62,60.01,59.98,59.99,101760
2020-02-04 02:00:00,60.02,60.11,59.7,59.92,138362
2020-02-04 03:00:00,59.86,60.57,60.08,60.18,114342
2020-02-04 04:00:00,59.93,60.6,60.4,60.54,116852
2020-02-04 05:00:00,60.62,61.31,60.76,60.88,134703
2020-02-04 06:00:00,60.81,61.14,60.67,60.76,55975
2020-02-04 07:00:00,60.72,60.08,59.76,59.85,82994
2020-02-04 08:00:00,60.04,59.96,59.38,59.83,68527
2020-02-04 09:00:00,59.95,59.29,59.06,59.23,94512
2020-02-04 10:00:00,59.31,60.46,60.05,60.22,121240
2020-02-04 11:00:00,59.95,60.42,59.29,59.48,121695
2020-02-04 12:00:00,59.46,59.93,59.5,59.7,127123
2020-02-04 13:00:00,60.0,58.71,58.12,58.63,62469
2020-02-04 14:00:00,58.69,58.52,58.17,58.21,68851
2020-02-04 15:00:00,58.03,57.89,57.45,57.64,120067
2020-02-04 16:00:00,57.75,57.73,57.24,57.55,78255
2020-02-04 17:00:00,57.46,58.27,57.92,58.24,56812
2020-02-04 18:00:00,58.31,58.28,57.65,58.1,140180
2020-02-04 19:00:00,58.01,57.63,56.9,57.29,95600
2020-02-04 20:00:00,57.18,57.39,56.74,57.08,52089
2020-02-04 21:00:00,57.0,58.27,57.65,57.67,147223
2020-02-04 22:00:00,57.86,58.34,58.26,58.32,73100
2020-02-04 23:00:00,58.33,59.4,59.07,59.13,74435
2020-02-05 00:00:00,59.01,60.18,59.93,60.01,185849
2020-02-05 01:00:00,59.98,61.12,60.6,60.78,182616
2020-02-05 02:00:00,60.55,62.51,62.14,62.35,116066
2020-02-05 03:00:00,62.31,64.07,63.2,63.38,166756
2020-02-05 04:00:00,63.4,64.57,63.72,64.04,83373
2020-02-05 05:00:00,64.17,62.82,62.61,62.76,194200
2020-02-05 06:00:00,62.69,62.03,61.66,61.7,86933
2020-02-05 07:00:00,61.77,63.33,62.69,63.02,162827
2020-02-05 08:00:00,63.04,64.21,63.63,63.85,174013
2020-02-05 09:00:00,63.79,63.66,63.23,63.41,201127
2020-02-05 10:00:00,63.41,62.81,62.46,62.57,100888
2020-02-05 11:00:00,62.58,64.67,63.84,64.14,144239
2020-02-05 12:00:00,63.83,65.18,64.85,65.09,131665
2020-02-05 13:00:00,65.1,67.35,66.71,66.74,108189
2020-02-05 14:00:00,66.8,64.91,64.73,64.75,181044
2020-02-05 15:00:00,64.61,64.21,63.85,64.08,155843
2020-02-05 16:00:00,64.11,65.31,64.53,64.94,94173
2020-02-05 17:00:00,64.86,64.41,64.11,64.21,149381
2020-02-05 18:00:00,64.15,65.56,65.19,65.31,161987
2020-02-05 19:00:00,65.28,65.16,64.5,64.99,131214
2020-02-05 20:00:00,64.86,63.08,62.65,62.74,240057
2020-02-05 21:00:00,62.96,63.58,62.5,63.06,98001
2020-02-05 22:00:00,63.13,63.16,62.71,62.91,173780
2020-02-05 23:00:00,62.97,62.78,62.51,62.58,106421
2020-02-06 00:00:00,62.85,62.57,62.17,62.5,97411
2020-02-06 01:00:00,62.5,63.29,62.89,63.16,115028
2020-02-06 02:00:00,63.22,64.45,63.99,64.26,105601
2020-02-06 03:00:00,64.16,64.48,63.63,63.92,101062
2020-02-06 04:00:00,63.79,65.7,65.43,65.58,100704
2020-02-06 05:00:00,65.44,66.75,66.21,66.71,112405
2020-02-06 06:00:00,66.71,67.7,66.91,67.32,125498
2020-02-06 07:00:00,67.33,68.5,68.01,68.24,136047
2020-02-06 08:00:00,68.37,67.98,67.41,67.65,129341
2020-02-06 09:00:00,67.69,66.65,65.85,66.5,132462
2020-02-06 10:00:00,66.5,65.04,64.76,64.92,134403
2020-02-06 11:00:00,64.91,65.13,65.0,65.08,125870
2020-02-06 12:00:00,65.0,66.06,65.53,65.96,104772
2020-02-06 13:00:00,65.78,65.77,65.32,65.52,78077
2020-02-06 14:00:00,65.37,66.25,65.72,65.9,140062
2020-02-06 15:00:00,65.92,65.13,64.73,65.02,88612
2020-02-06 16:00:00,65.07,66.07,65.65,65.97,104712
2020-02-06 17:00:00,65.99,65.38,64.23,64.95,80023
2020-02-06 18:00:00,65.12,65.22,64.78,65.11,108147
2020-02-06 19:00:00,65.09,63.49,63.02,63.29,100374
2020-02-06 20:00:00,63.21,62.83,62.31,62.42,50856
2020-02-06 21:00:00,62.57,62.52,62.08,62.25,104544
2020-02-06 22:00:00,62.21,63.04,62.89,62.99,87459
2020-02-06 23:00:00,62.94,62.36,61.95,62.29,89844
2020-02-07 00:00:00,62.59,62.01,61.69,61.87,64861
2020-02-07 01:00:00,61.84,62.44,61.82,61.87,57470
2020-02-07 02:00:00,61.57,61.82,61.45,61.49,149096
2020-02-07 03:00:00,61.23,60.5,60.34,60.42,70110
2020-02-07 04:00:00,60.28,61.16,60.84,61.04,110936
2020-02-07 05:00:00,61.21,60.05,59.68,59.92,93173
2020-02-07 06:00:00,59.93,60.27,59.65,60.0,61447
2020-02-07 07:00:00,60.26,60.46,60.17,60.28,77073
2020-02-07 08:00:00,60.44,60.71,60.44,60.5,61577
2020-02-07 09:00:00,60.3,60.83,60.56,60.82,64189
2020-02-07 10:00:00,60.72,62.05,60.52,61.41,86375
2020-02-07 11:00:00,61.4,62.35,61.91,62.22,117385
2020-02-07 12:00:00,61.87,62.89,62.04,62.29,65701
2020-02-07 13:00:00,62.33,61.29,60.81,61.12,103749
2020-02-07 14:00:00,61.19,61.57,61.05,61.28,134978
2020-02-07 15:00:00,61.34,61.5,60.8,61.04,54807
2020-02-07 16:00:00,61.08,61.72,60.62,61.15,104061
2020-02-07 17:00:00,61.27,62.58,62.15,62.42,95323
2020-02-07 18:00:00,62.27,61.61,61.51,61.6,69517
2020-02-07 19:00:00,61.76,61.63,61.3,61.47,114776
2020-02-07 20:00:00,61.48,62.6,62.17,62.33,128037
2020-02-07 21:00:00,62.37,62.89,62.58,62.79,109816
2020-02-07 22:00:00,62.9,62.52,62.11,62.16,136031
2020-02-07 23:00:00,62.26,62.3,61.78,62.18,84791
2020-02-10 00:00:00,62.27,63.45,62.85,62.96,68585
2020-02-10 01:00:00,63.24,63.14,62.82,62.96,128766
2020-02-10 02:00:00,62.94,61.34,60.98,61.17,123289
2020-02-10 03:00:00,61.31,61.1,60.66,60.97,74154
2020-02-10 04:00:00,61.08,61.69,61.58,61.59,64242
2020-02-10 05:00:00,61.66,59.66,59.34,59.55,123238
2020-02-10 06:00:00,59.77,60.47,59.61,60.07,61737
2020-02-10 07:00:00,59.99,59.9,59.56,59.73,89358
2020-02-10 08:00:00,60.02,60.82,60.11,60.21,140668
2020-02-10 09:00:00,60.34,59.81,59.4,59.63,117244
2020-02-10 10:00:00,59.63,59.91,59.77,59.81,136657
2020-02-10 11:00:00,59.88,59.89,59.38,59.51,84975
2020-02-10 12:00:00,59.51,59.51,59.0,59.48,122816
2020-02-10 13:00:00,59.51,60.27,59.84,60.21,120030
2020-02-10 14:00:00,60.24,60.11,59.31,59.63,110122
2020-02-10 15:00:00,59.62,60.06,59.87,59.99,118186
2020-02-10 16:00:00,60.12,60.59,59.63,60.33,100810
2020-02-10 17:00:00,60.52,61.55,60.83,61.36,131855
2020-02-10 18:00:00,61.47,61.36,60.94,61.06,107916
2020-02-10 19:00:00,61.07,61.47,60.84,60.96,51135
2020-02-10 20:00:00,61.04,61.38,61.13,61.23,70781
2020-02-10 21:00:00,61.18,60.57,60.09,60.21,109445
2020-02-10 22:00:00,60.04,60.84,60.51,60.68,93083
2020-02-10 23:00:00,60.73,60.96,60.51,60.83,71162
2020-02-11 00:00:00,60.91,60.37,60.05,60.13,84902
2020-02-11 01:00:00,60.11,61.02,60.79,60.9,86134
2020-02-11 02:00:00,60.76,61.64,61.25,61.37,76040
2020-02-11 03:00:00,61.4,61.05,60.43,60.88,92763
2020-02-11 04:00:00,60.97,61.33,60.74,61.23,64869
2020-02-11 05:00:00,61.27,61.28,60.77,61.18,125367
2020-02-11 06:00:00,61.13,60.09,59.5,59.64,171695
2020-02-11 07:00:00,59.68,59.23,59.03,59.19,83303
2020-02-11 08:00:00,59.29,59.41,59.11,59.26,149110
2020-02-11 09:00:00,59.06,59.8,59.4,59.53,85918
2020-02-11 10:00:00,59.42,59.91,59.78,59.9,80418
2020-02-11 11:00:00,60.06,60.87,60.43,60.57,133907
2020-02-11 12:00:00,60.41,60.69,60.41,60.61,125630
2020-02-11 13:00:00,60.59,62.39,62.08,62.26,182552
2020-02-11 14:00:00,62.13,61.4,60.87,61.26,81272
2020-02-11 15:00:00,61.2,61.69,61.48,61.65,67788
2020-02-11 16:00:00,61.64,61.81,60.76,61.47,128295
2020-02-11 17:00:00,61.65,61.58,61.51,61.53,108188
2020-02-11 18:00:00,61.81,60.87,60.17,60.75,111272
2020-02-11 19:00:00,60.71,59.98,59.73,59.9,56313
2020-02-11 20:00:00,59.92,59.58,59.45,59.56,106109
2020-02-11 21:00:00,59.69,59.59,59.2,59.44,60194
2020-02-11 22:00:00,59.25,61.52,60.63,60.93,137987
2020-02-11 23:00:00,60.9,61.33,61.18,61.25,67214
2020-02-12 00:00:00,60.97,61.74,60.64,61.38,203587
2020-02-12 01:00:00,61.43,60.63,59.79,60.04,182026
2020-02-12 02:00:00,59.79,59.4,59.21,59.35,196940
2020-02-12 03:00:00,59.44,57.74,57.69,57.7,275218
2020-02-12 04:00:00,57.65,57.32,56.92,57.21,83381
2020-02-12 05:00:00,57.38,59.52,58.98,59.05,224380
2020-02-12 06:00:00,58.91,58.42,58.15,58.24,169606
2020-02-12 07:00:00,58.21,60.74,60.18,60.24,112756
2020-02-12 08:00:00,60.07,60.13,59.75,59.75,110454
2020-02-12 09:00:00,59.59,59.4,59.11,59.18,194962
2020-02-12 10:00:00,59.12,61.34,60.22,60.81,269936
2020-02-12 11:00:00,60.73,63.28,62.91,63.06,218836
2020-02-12 12:00:00,63.0,61.19,61.03,61.07,114625
2020-02-12 13:00:00,61.21,60.7,60.22,60.67,120483
2020-02-12 14:00:00,60.57,58.8,58.19,58.43,249674
2020-02-12 15:00:00,58.47,59.3,59.03,59.22,97910
2020-02-12 16:00:00,59.2,58.49,57.63,57.84,140214
2020-02-12 17:00:00,57.94,59.79,59.19,59.66,133208
2020-02-12 18:00:00,59.96,58.67,58.34,58.38,165471
2020-02-12 19:00:00,58.46,55.19,54.84,55.14,148211
2020-02-12 20:00:00,55.11,52.95,52.62,52.91,192385
2020-02-12 21:00:00,53.05,53.43,52.38,53.27,80868
2020-02-12 22:00:00,53.48,54.79,54.45,54.49,112454
2020-02-12 23:00:00,54.57,57.13,56.42,56.56,122890
2020-02-13 00:00:00,56.56,56.75,56.22,56.53,131487
2020-02-13 01:00:00,56.69,57.29,56.47,57.07,135811
2020-02-13 02:00:00,57.14,57.76,57.22,57.4,75377
2020-02-13 03:00:00,57.65,57.76,57.56,57.74,138771
2020-02-13 04:00:00,58.0,57.32,56.84,57.05,51539
2020-02-13 05:00:00,56.92,56.82,56.38,56.69,66144
2020-02-13 06:00:00,56.57,58.39,57.91,58.15,158032
2020-02-13 07:00:00,58.01,57.68,57.43,57.65,142582
2020-02-13 08:00:00,57.66,56.42,55.95,55.99,181473
2020-02-13 09:00:00,55.95,55.71,55.28,55.59,89521
2020-02-13 10:00:00,55.36,55.58,55.48,55.58,87302
2020-02-13 11:00:00,55.68,56.3,55.48,55.78,111307
2020-02-13 12:00:00,55.85,55.96,55.54,55.63,85679
2020-02-13 13:00:00,55.73,55.85,55.38,55.77,66559
2020-02-13 14:00:00,55.88,55.68,55.29,55.47,141922
2020-02-13 15:00:00,55.66,56.57,56.01,56.08,82521
2020-02-13 16:00:00,55.98,56.32,55.76,56.02,83068
2020-02-13 17:00:00,55.97,56.87,56.23,56.28,66549
2020-02-13 18:00:00,56.26,56.27,56.16,56.17,105972
2020-02-13 19:00:00,56.32,56.74,56.0,56.41,91577
2020-02-13 20:00:00,56.33,56.88,56.67,56.69,142965
2020-02-13 21:00:00,56.88,57.2,57.01,57.14,88157
2020-02-13 22:00:00,57.24,57.72,57.4,57.51,58586
2020-02-13 23:00:00,57.61,58.73,58.14,58.37,55810
2020-02-14 00:00:00,58.54,58.54,58.1,58.43,61712
2020-02-14 01:00:00,58.42,58.85,58.23,58.72,149446
2020-02-14 02:00:00,58.62,60.37,60.05,60.22,137187
2020-02-14 03:00:00,60.26,61.59,60.54,60.69,108908
2020-02-14 04:00:00,60.69,61.47,60.93,60.95,126224
2020-02-14 05:00:00,60.84,61.51,60.76,61.35,83237
2020-02-14 06:00:00,61.24,61.02,60.73,60.77,115596
2020-02-14 07:00:00,60.68,59.95,59.31,59.66,52428
2020-02-14 08:00:00,59.51,61.03,60.23,60.43,113207
2020-02-14 09:00:00,60.35,61.64,61.05,61.06,134654
2020-02-14 10:00:00,61.22,61.24,60.7,61.2,101815
2020-02-14 11:00:00,60.87,60.89,60.75,60.88,64868
2020-02-14 12:00:00,61.02,60.65,60.06,60.54,115255
2020-02-14 13:00:00,60.52,60.79,60.37,60.54,144901
2020-02-14 14:00:00,60.32,60.27,59.64,60.15,80971
2020-02-14 15:00:00,60.27,58.96,58.76,58.78,185811
2020-02-14 16:00:00,58.76,59.34,58.75,58.88,79664
2020-02-14 17:00:00,58.66,56.82,56.4,56.57,160012
2020-02-14 18:00:00,56.58,57.61,57.18,57.29,78396
2020-02-14 19:00:00,57.25,57.32,56.89,57.25,143434
2020-02-14 20:00:00,56.97,58.44,57.72,57.83,141167
2020-02-14 21:00:00,57.85,58.19,57.73,58.09,61853
2020-02-14 22:00:00,57.98,58.27,57.87,57.98,91419
2020-02-14 23:00:00,57.99,58.11,57.64,57.83,104322
2020-02-17 00:00:00,57.82,56.71,56.6,56.7,89275
2020-02-17 01:00:00,56.56,56.74,56.19,56.6,55708
2020-02-17 02:00:00,56.53,58.02,57.54,57.65,61725
2020-02-17 03:00:00,57.7,55.26,54.75,55.14,165177
2020-02-17 04:00:00,55.28,53.72,53.59,53.7,173548
2020-02-17 05:00:00,53.71,52.42,52.02,52.28,179822
2020-02-17 06:00:00,52.42,52.68,52.18,52.55,142545
2020-02-17 07:00:00,52.51,53.08,52.87,53.01,125231
2020-02-17 08:00:00,53.15,53.31,53.22,53.24,128933
2020-02-17 09:00:00,53.34,53.83,53.43,53.56,138592
2020-02-17 10:00:00,53.5,53.78,53.15,53.53,134315
2020-02-17 11:00:00,53.53,54.63,54.29,54.43,68226
2020-02-17 12:00:00,54.53,56.19,55.64,55.92,80154
2020-02-17 13:00:00,55.79,56.21,55.86,56.03,60695
2020-02-17 14:00:00,56.21,57.41,57.26,57.4,136498
2020-02-17 15:00:00,57.49,57.4,56.95,57.33,82331
2020-02-17 16:00:00,57.2,57.77,57.58,57.76,138254
2020-02-17 17:00:00,57.82,58.15,57.42,57.83,103484
2020-02-17 18:00:00,57.83,59.27,59.04,59.11,69032
2020-02-17 19:00:00,58.97,59.79,59.3,59.56,91421
2020-02-17 20:00:00,59.69,59.61,59.07,59.29,107889
2020-02-17 21:00:00,59.44,59.88,59.07,59.21,76085
2020-02-17 22:00:00,59.1,60.18,59.58,59.82,148247
2020-02-17 23:00:00,59.84,58.84,58.13,58.28,87586
2020-02-18 00:00:00,58.33,58.22,57.91,57.99,124147
2020-02-18 01:00:00,58.02,57.47,57.23,57.32,50609
2020-02-18 02:00:00,57.42,57.06,56.84,56.94,93927
2020-02-18 03:00:00,56.76,56.45,55.98,56.11,112364
2020-02-18 04:00:00,56.11,55.65,55.34,55.42,92829
2020-02-18 05:00:00,55.49,54.8,54.65,54.67,139828
2020-02-18 06:00:00,54.79,55.86,55.43,55.6,52928
2020-02-18 07:00:00,55.69,55.7,54.94,55.51,109879
2020-02-18 08:00:00,55.65,54.8,54.28,54.61,99235
2020-02-18 09:00:00,54.73,55.09,54.83,55.05,111445
2020-02-18 10:00:00,55.02,55.21,55.0,55.1,115637
2020-02-18 11:00:00,55.19,55.75,55.43,55.7,128105
2020-02-18 12:00:00,55.75,56.68,56.38,56.5,104153
2020-02-18 13:00:00,56.34,56.81,56.19,56.75,139955
2020-02-18 14:00:00,56.88,57.51,56.75,57.26,94716
2020-02-18 15:00:00,57.39,56.97,56.01,56.64,91620
2020-02-18 16:00:00,56.62,56.62,56.05,56.08,67466
2020-02-18 17:00:00,56.01,57.36,57.17,57.27,115154
2020-02-18 18:00:00,57.06,57.65,57.46,57.53,81752
2020-02-18 19:00:00,57.43,55.18,54.37,54.82,175902
2020-02-18 20:00:00,54.83,56.45,55.87,56.1,164080
2020-02-18 21:00:00,56.13,56.89,56.59,56.83,78547
2020-02-18 22:00:00,56.8,58.2,57.5,57.84,69658
2020-02-18 23:00:00,57.8,57.57,57.22,57.57,69177
2020-02-19 00:00:00,57.64,56.36,56.05,56.35,144777
2020-02-19 01:00:00,56.41,56.25,55.35,55.81,189676
2020-02-19 02:00:00,55.75,57.13,56.68,57.1,207473
2020-02-19 03:00:00,57.15,59.17,58.32,58.88,103375
2020-02-19 04:00:00,58.9,56.37,55.66,56.26,202604
2020-02-19 05:00:00,56.34,56.04,55.74,55.91,156795
2020-02-19 06:00:00,55.95,54.98,54.42,54.94,167275
2020-02-19 07:00:00,55.04,55.28,54.51,55.2,151052
2020-02-19 08:00:00,55.37,56.95,56.9,56.93,238080
2020-02-19 09:00:00,56.96,58.3,57.86,57.99,166742
2020-02-19 10:00:00,58.03,56.66,56.48,56.52,178418
2020-02-19 11:00:00,56.47,56.47,55.99,56.39,94032
2020-02-19 12:00:00,56.26,55.48,54.85,54.95,116306
2020-02-19 13:00:00,55.03,56.11,56.03,56.08,206330
2020-02-19 14:00:00,56.03,59.31,58.87,59.08,222384
2020-02-19 15:00:00,59.04,56.04,55.68,55.95,175587
2020-02-19 16:00:00,55.83,55.44,54.79,55.31,120470
2020-02-19 17:00:00,55.46,53.71,53.56,53.66,196243
2020-02-19 18:00:00,53.64,52.94,52.77,52.93,138021
2020-02-19 19:00:00,52.88,55.34,55.25,55.33,210919
2020-02-19 20:00:00,55.4,55.44,55.04,55.37,196313
2020-02-19 21:00:00,55.29,54.92,54.51,54.68,129977
2020-02-19 22:00:00,54.65,53.17,52.82,52.92,101542
2020-02-19 23:00:00,53.0,53.21,52.94,53.1,125467
2020-02-20 00:00:00,53.04,52.73,52.46,52.5,86560
2020-02-20 01:00:00,52.44,53.98,53.83,53.88,172502
2020-02-20 02:00:00,53.93,53.46,53.34,53.37,135630
2020-02-20 03:00:00,53.31,54.39,53.81,53.94,95997
2020-02-20 04:00:00,54.03,54.07,53.81,53.87,60273
2020-02-20 05:00:00,53.83,54.3,53.96,54.25,110368
2020-02-20 06:00:00,54.27,53.7,53.33,53.52,145181
2020-02-20 07:00:00,53.53,53.41,53.02,53.22,121769
2020-02-20 08:00:00,53.39,51.92,51.69,51.78,193897
2020-02-20 09:00:00,51.88,51.5,50.99,51.13,147329
2020-02-20 10:00:00,50.93,52.82,52.48,52.81,143870
2020-02-20 11:00:00,52.82,52.48,52.05,52.14,122721
2020-02-20 12:00:00,52.23,52.8,51.81,52.31,61622
2020-02-20 13:00:00,52.35,52.76,52.42,52.74,50297
2020-02-20 14:00:00,52.82,53.82,53.43,53.7,101310
2020-02-20 15:00:00,53.73,53.93,53.25,53.82,135237
2020-02-20 16:00:00,53.71,53.44,53.31,53.43,102342
2020-02-20 17:00:00,53.32,52.17,51.81,51.99,161936
2020-02-20 18:00:00,52.13,51.67,51.54,51.57,133769
2020-02-20 19:00:00,51.29,51.48,50.89,51.11,88227
2020-02-20 20:00:00,51.05,49.9,49.59,49.87,113859
2020-02-20 21:00:00,49.88,50.07,49.59,49.6,72796
2020-02-20 22:00:00,49.55,49.53,49.27,49.27,123704
2020-02-20 23:00:00,49.28,49.89,49.47,49.59,126259
2020-02-21 00:00:00,49.55,50.22,49.57,49.78,58315
2020-02-21 01:00:00,49.77,51.17,50.5,50.74,96330
2020-02-21 02:00:00,50.93,50.8,50.4,50.64,108313
2020-02-21 03:00:00,50.66,50.79,50.55,50.67,129528
2020-02-21 04:00:00,50.66,50.14,49.92,50.1,146401
2020-02-21 05:00:00,50.11,49.42,49.17,49.35,120519
2020-02-21 06:00:00,49.31,49.72,49.59,49.61,64177
2020-02-21 07:00:00,49.61,50.7,49.3,50.07,106947
2020-02-21 08:00:00,50.04,50.48,50.14,50.41,87233
2020-02-21 09:00:00,50.34,50.62,50.15,50.47,124097
2020-02-21 10:00:00,50.47,50.93,50.5,50.61,134630
2020-02-21 11:00:00,50.63,51.19,50.63,50.69,72117
2020-02-21 12:00:00,50.78,50.27,49.98,50.24,91737
2020-02-21 13:00:00,50.29,51.01,50.69,50.84,134395
2020-02-21 14:00:00,50.77,51.48,51.03,51.32,52547
2020-02-21 15:00:00,51.39,51.11,51.02,51.07,101739
2020-02-21 16:00:00,51.1,51.4,50.69,50.91,147378
2020-02-21 17:00:00,50.8,51.62,51.49,51.51,106085
2020-02-21 18:00:00,51.68,52.83,52.63,52.64,119345
2020-02-21 19:00:00,52.62,51.35,50.94,51.24,156767
2020-02-21 20:00:00,51.17,50.97,50.61,50.67,76802
2020-02-21 21:00:00,50.58,51.98,51.92,51.97,127946
2020-02-21 22:00:00,51.84,53.66,53.3,53.42,96341
2020-02-21 23:00:00,53.43,53.41,53.24,53.32,113229
2020-02-24 00:00:00,53.2,53.44,53.19,53.22,131042
2020-02-24 01:00:00,53.29,54.25,53.5,53.64,87128
2020-02-24 02:00:00,53.55,54.3,53.76,53.86,69806
2020-02-24 03:00:00,53.82,54.19,53.86,54.12,74951
2020-02-24 04:00:00,54.27,55.08,54.75,54.94,70408
2020-02-24 05:00:00,55.06,54.96,54.76,54.95,71628
2020-02-24 06:00:00,54.79,54.76,54.68,54.72,87691
2020-02-24 07:00:00,54.74,55.23,54.79,54.87,120730
2020-02-24 08:00:00,54.96,54.43,54.18,54.3,114695
2020-02-24 09:00:00,54.28,54.37,54.33,54.35,81629
2020-02-24 10:00:00,54.25,54.11,53.69,53.81,83391
2020-02-24 11:00:00,53.66,53.1,52.78,52.78,75677
2020-02-24 12:00:00,52.87,53.23,52.87,53.15,113072
2020-02-24 13:00:00,53.11,53.67,52.78,53.04,67888
2020-02-24 14:00:00,53.15,52.67,52.0,52.57,72808
2020-02-24 15:00:00,52.65,53.14,52.31,52.72,120053
2020-02-24 16:00:00,52.64,52.72,52.29,52.48,138999
2020-02-24 17:00:00,52.65,54.02,53.59,53.6,84517
2020-02-24 18:00:00,53.48,54.34,53.72,53.88,81818
2020-02-24 19:00:00,53.77,53.88,52.98,53.4,112105
2020-02-24 20:00:00,53.49,53.4,53.31,53.33,131263
2020-02-24 21:00:00,53.4,53.39,52.96,53.14,143214
2020-02-24 22:00:00,53.07,53.75,52.88,53.39,53744
2020-02-24 23:00:00,53.16,53.24,52.68,53.17,84585
2020-02-25 00:00:00,53.24,53.36,53.17,53.27,76546
2020-02-25 01:00:00,53.25,52.66,52.42,52.47,119986
2020-02-25 02:00:00,52.48,52.6,51.71,52.36,67322
2020-02-25 03:00:00,52.31,52.74,51.99,52.21,79959
2020-02-25 04:00:00,52.31,52.55,52.11,52.32,144356
2020-02-25 05:00:00,52.46,51.8,51.24,51.29,94268
2020-02-25 06:00:00,51.1,50.84,50.65,50.75,89043
2020-02-25 07:00:00,50.83,50.82,50.27,50.77,102589
2020-02-25 08:00:00,50.87,52.23,51.43,51.91,120226
2020-02-25 09:00:00,52.06,52.13,51.77,51.86,94166
2020-02-25 10:00:00,51.94,52.08,51.83,52.08,59890
2020-02-25 11:00:00,52.05,51.44,51.19,51.42,96098
2020-02-25 12:00:00,51.32,52.1,51.52,51.98,117970
2020-02-25 13:00:00,51.77,51.47,51.16,51.27,96896
2020-02-25 14:00:00,51.42,52.39,52.22,52.3,184143
2020-02-25 15:00:00,52.32,52.24,51.8,52.2,83342
2020-02-25 16:00:00,52.1,52.53,51.8,52.46,117789
2020-02-25 17:00:00,52.44,52.84,52.34,52.42,53517
2020-02-25 18:00:00,52.46,53.24,52.94,53.02,141980
2020-02-25 19:00:00,53.05,52.2,51.91,52.01,94121
2020-02-25 20:00:00,51.92,51.75,51.58,51.61,119358
2020-02-25 21:00:00,51.64,53.05,52.89,52.92,109229
2020-02-25 22:00:00,53.08,52.87,52.47,52.82,149222
2020-02-25 23:00:00,52.8,53.42,52.89,53.32,96366
2020-02-26 00:00:00,53.41,53.05,52.68,52.8,77219
2020-02-26 01:00:00,52.64,52.48,52.01,52.14,224981
2020-02-26 02:00:00,52.37,52.4,52.3,52.3,176249
2020-02-26 03:00:00,52.36,53.2,52.52,52.97,215349
2020-02-26 04:00:00,53.16,52.86,51.97,52.47,170440
2020-02-26 05:00:00,52.63,52.43,52.35,52.42,163064
2020-02-26 06:00:00,52.57,51.74,51.43,51.73,183285
2020-02-26 07:00:00,51.88,53.18,52.51,52.74,136421
2020-02-26 08:00:00,52.69,54.46,54.06,54.34,175798
2020-02-26 09:00:00,54.38,55.88,55.31,55.6,159661
2020-02-26 10:00:00,55.75,54.57,53.83,54.51,123600
2020-02-26 11:00:00,54.54,55.8,55.24,55.47,119183
2020-02-26 12:00:00,55.41,57.09,56.24,56.52,149612
2020-02-26 13:00:00,56.42,55.26,54.73,55.05,162492
2020-02-26 14:00:00,55.13,53.22,53.16,53.19,148065
2020-02-26 15:00:00,53.03,52.13,51.95,52.06,163244
2020-02-26 16:00:00,51.99,54.38,53.82,54.3,172784
2020-02-26 17:00:00,54.15,54.85,54.55,54.74,126547
2020-02-26 18:00:00,54.89,55.42,54.85,55.31,196904
2020-02-26 19:00:00,55.15,56.37,55.84,56.26,147794
2020-02-26 20:00:00,56.27,54.89,54.42,54.73,276754
2020-02-26 21:00:00,54.68,55.66,55.37,55.43,208469
2020-02-26 22:00:00,55.55,56.87,56.62,56.67,203831
2020-02-26 23:00:00,56.68,57.72,57.48,57.69,175223
2020-02-27 00:00:00,57.5,56.74,56.18,56.26,104449
2020-02-27 01:00:00,56.23,55.81,55.58,55.75,121961
2020-02-27 02:00:00,55.5,56.22,55.89,56.0,65949
2020-02-27 03:00:00,55.9,56.16,56.06,56.08,94150
2020-02-27 04:00:00,56.29,55.3,54.69,55.03,147540
2020-02-27 05:00:00,54.98,55.68,54.97,55.46,126266
2020-02-27 06:00:00,55.51,54.93,54.51,54.71,73422
2020-02-27 07:00:00,54.51,54.44,53.81,54.3,98042
2020-02-27 08:00:00,54.33,54.52,54.48,54.48,82584
2020-02-27 09:00:00,54.27,54.98,54.74,54.92,105827
2020-02-27 10:00:00,55.0,55.53,55.02,55.38,77437
2020-02-27 11:00:00,55.53,55.33,54.94,54.98,103700
2020-02-27 12:00:00,54.97,55.13,54.57,54.87,144062
2020-02-27 13:00:00,54.83,55.17,54.55,54.87,62751
2020-02-27 14:00:00,55.04,55.56,55.27,55.43,58986
2020-02-27 15:00:00,55.31,55.67,55.01,55.28,130586
2020-02-27 16:00:00,55.34,55.6,55.48,55.5,75312
2020-02-27 17:00:00,55.61,54.11,54.03,54.07,107572
2020-02-27 18:00:00,54.04,55.28,54.86,55.1,128756
2020-02-27 19:00:00,55.22,56.32,55.29,55.79,129254
2020-02-27 20:00:00,55.75,57.27,56.88,57.11,164944
2020-02-27 21:00:00,57.33,57.5,57.35,57.37,58814
2020-02-27 22:00:00,57.06,58.12,57.84,58.03,80004
2020-02-27 23:00:00,58.08,58.05,57.39,57.74,118207
2020-02-28 00:00:00,57.69,57.3,56.86,57.19,89972
2020-02-28 01:00:00,57.42,57.32,56.64,57.15,79344
2020-02-28 02:00:00,56.98,57.47,57.26,57.39,54349
2020-02-28 03:00:00,57.61,58.14,57.67,57.76,149600
2020-02-28 04:00:00,57.79,57.63,57.06,57.42,81612
2020-02-28 05:00:00,57.39,57.36,57.14,57.28,77777
2020-02-28 06:00:00,57.33,57.62,57.15,57.31,68200
2020-02-28 07:00:00,57.42,56.85,56.39,56.71,125496
2020-02-28 08:00:00,56.65,56.88,56.41,56.51,94827
2020-02-28 09:00:00,56.64,56.84,56.46,56.7,76128
2020-02-28 10:00:00,56.65,56.98,56.4,56.45,124734
2020-02-28 11:00:00,56.47,57.74,56.97,57.44,96275
2020-02-28 12:00:00,57.6,56.84,56.23,56.45,131964
2020-02-28 13:00:00,56.42,56.91,56.69,56.85,146079
2020-02-28 14:00:00,56.84,56.92,56.49,56.89,134780
2020-02-28 15:00:00,56.89,57.18,57.03,57.17,88954
2020-02-28 16:00:00,57.16,57.33,56.53,56.76,138696
2020-02-28 17:00:00,56.9,57.08,56.69,56.74,111551
2020-02-28 18:00:00,56.68,56.84,56.62,56.75,142574
2020-02-28 19:00:00,56.71,56.31,56.13,56.19,129605
2020-02-28 20:00:00,56.15,56.9,56.29,56.38,127265
2020-02-28 21:00:00,56.21,57.28,56.89,56.94,145826
2020-02-28 22:00:00,57.1,56.69,56.18,56.49,112763
2020-02-28 23:00:00,56.28,56.69,56.34,56.52,112487
2020-03-02 00:00:00,56.6,55.22,54.93,55.06,138502
2020-03-02 01:00:00,55.25,54.46,54.21,54.22,136217
2020-03-02 02:00:00,54.24,54.64,54.37,54.44,130994
2020-03-02 03:00:00,54.55,55.36,54.84,55.07,124807
2020-03-02 04:00:00,54.89,55.46,55.24,55.42,62507
2020-03-02 05:00:00,55.51,56.48,56.07,56.34,138566
2020-03-02 06:00:00,56.03,57.29,56.98,57.16,128435
2020-03-02 07:00:00,57.13,56.07,55.41,55.76,106869
2020-03-02 08:00:00,55.95,54.75,54.13,54.6,172878
2020-03-02 09:00:00,54.45,54.34,53.99,54.1,59876
2020-03-02 10:00:00,54.11,54.39,53.67,53.84,105402
2020-03-02 11:00:00,53.73,54.03,53.89,53.93,130436
2020-03-02 12:00:00,53.95,52.6,52.36,52.58,117766
2020-03-02 13:00:00,52.64,53.11,52.87,52.89,100527
2020-03-02 14:00:00,53.05,53.59,52.99,53.08,51842
2020-03-02 15:00:00,53.01,53.97,53.82,53.86,87583
2020-03-02 16:00:00,53.95,54.89,53.58,54.36,118511
2020-03-02 17:00:00,54.44,55.72,55.3,55.41,129741
2020-03-02 18:00:00,55.37,54.96,54.25,54.5,61593
2020-03-02 19:00:00,54.53,54.51,53.7,54.38,57982
2020-03-02 20:00:00,54.16,56.39,56.11,56.18,168851
2020-03-02 21:00:00,56.32,56.07,55.87,55.94,103192
2020-03-02 22:00:00,56.0,55.33,54.69,55.09,69390
2020-03-02 23:00:00,55.01,55.47,55.13,55.27,84301
2020-03-03 00:00:00,55.25,56.28,56.11,56.28,80993
2020-03-03 01:00:00,56.31,56.5,55.94,56.27,93079
2020-03-03 02:00:00,56.06,57.82,57.24,57.6,88059
2020-03-03 03:00:00,57.72,57.61,57.39,57.48,66782
2020-03-03 04:00:00,57.54,57.95,57.32,57.63,89979
2020-03-03 05:00:00,57.71,57.45,56.99,57.42,100542
2020-03-03 06:00:00,57.5,57.83,57.25,57.4,113038
2020-03-03 07:00:00,57.37,57.43,56.98,57.39,144765
2020-03-03 08:00:00,57.29,58.43,58.03,58.32,131149
2020-03-03 09:00:00,58.16,58.83,58.37,58.78,73761
2020-03-03 10:00:00,58.86,58.71,58.6,58.71,96228
2020-03-03 11:00:00,58.89,57.87,57.03,57.72,72229
2020-03-03 12:00:00,57.72,57.37,57.05,57.26,75238
2020-03-03 13:00:00,57.27,57.92,57.47,57.92,131927
2020-03-03 14:00:00,57.94,58.44,57.6,58.11,59985
2020-03-03 15:00:00,58.12,58.57,58.21,58.26,130246
2020-03-03 16:00:00,58.28,58.53,58.36,58.37,99597
2020-03-03 17:00:00,58.51,58.53,58.38,58.39,83517
2020-03-03 18:00:00,58.26,58.39,57.86,58.04,61259
2020-03-03 19:00:00,57.96,58.38,58.07,58.27,97647
2020-03-03 20:00:00,58.16,57.99,57.56,57.83,50698
2020-03-03 21:00:00,57.75,58.29,57.44,57.52,135647
2020-03-03 22:00:00,57.62,58.14,57.61,57.81,141949
2020-03-03 23:00:00,57.89,57.68,57.41,57.51,104908
2020-03-04 00:00:00,57.51,56.39,56.25,56.34,106744
2020-03-04 01:00:00,56.27,56.21,55.78,55.94,223644
2020-03-04 02:00:00,56.06,55.0,54.69,54.97,143523
2020-03-04 03:00:00,54.98,54.45,54.09,54.41,78656
2020-03-04 04:00:00,54.5,53.08,52.11,52.55,221889
2020-03-04 05:00:00,52.43,54.51,54.14,54.23,246877
2020-03-04 06:00:00,54.05,54.19,53.45,53.93,130979
2020-03-04 07:00:00,53.83,54.52,53.83,54.01,86963
2020-03-04 08:00:00,54.01,53.62,53.21,53.23,142027
2020-03-04 09:00:00,53.24,52.24,51.86,51.98,156106
2020-03-04 10:00:00,51.99,53.02,52.56,52.79,205770
2020-03-04 11:00:00,52.67,53.84,53.2,53.48,141604
2020-03-04 12:00:00,53.43,52.98,52.57,52.59,221906
2020-03-04 13:00:00,52.54,51.26,50.86,51.21,115803
2020-03-04 14:00:00,51.18,49.92,49.32,49.69,155401
2020-03-04 15:00:00,49.7,49.63,49.24,49.35,163647
2020-03-04 16:00:00,49.38,49.75,49.16,49.18,143829
2020-03-04 17:00:00,49.2,50.48,49.82,50.35,158409
2020-03-04 18:00:00,50.29,51.35,51.02,51.11,117477
2020-03-04 19:00:00,51.12,51.99,51.63,51.76,159980
2020-03-04 20:00:00,51.83,51.01,50.59,50.98,136270
2020-03-04 21:00:00,50.95,52.26,51.64,51.69,208102
2020-03-04 22:00:00,52.04,54.06,53.72,53.85,191792
2020-03-04 23:00:00,53.99,53.85,53.24,53.37,138816
2020-03-05 00:00:00,53.23,53.24,52.76,53.15,53545
2020-03-05 01:00:00,53.13,52.38,52.03,52.09,145225
2020-03-05 02:00:00,52.13,53.06,52.39,52.66,101382
2020-03-05 03:00:00,52.57,53.58,53.12,53.33,128253
2020-03-05 04:00:00,53.26,53.23,52.99,53.17,131346
2020-03-05 05:00:00,53.19,55.45,54.97,55.08,67909
2020-03-05 06:00:00,55.16,55.64,55.4,55.6,67308
2020-03-05 07:00:00,55.81,56.04,55.9,55.97,78060
2020-03-05 08:00:00,55.89,56.38,55.8,56.23,146768
2020-03-05 09:00:00,56.13,56.46,55.95,56.32,64590
2020-03-05 10:00:00,56.22,55.65,55.26,55.53,147189
2020-03-05 11:00:00,55.14,55.03,54.81,54.91,128512
2020-03-05 12:00:00,54.84,54.04,53.71,53.91,57795
2020-03-05 13:00:00,53.99,53.97,53.85,53.93,81782
2020-03-05 14:00:00,53.88,54.54,54.05,54.53,74727
2020-03-05 15:00:00,54.39,55.03,54.45,54.72,102056
2020-03-05 16:00:00,54.9,55.63,54.83,55.15,67964
2020-03-05 17:00:00,54.84,55.48,54.53,55.05,137490
2020-03-05 18:00:00,54.89,54.69,54.13,54.45,119308
2020-03-05 19:00:00,54.41,56.29,55.69,55.83,146585
2020-03-05 20:00:00,55.74,56.45,56.32,56.34,97195
2020-03-05 21:00:00,56.38,55.76,55.5,55.66,112603
2020-03-05 22:00:00,55.7,54.99,54.48,54.67,89789
2020-03-05 23:00:00,54.79,54.6,54.44,54.58,129702
2020-03-06 00:00:00,54.61,54.96,54.41,54.56,131692
2020-03-06 01:00:00,54.52,54.42,54.24,54.36,90614
2020-03-06 02:00:00,54.37,54.76,54.71,54.75,93343
2020-03-06 03:00:00,54.66,56.3,56.05,56.05,176375
2020-03-06 04:00:00,56.0,55.95,55.46,55.6,140006
2020-03-06 05:00:00,55.72,54.82,54.4,54.6,94513
2020-03-06 06:00:00,54.64,53.97,53.49,53.93,130432
2020-03-06 07:00:00,53.91,54.49,53.96,54.01,79006
2020-03-06 08:00:00,54.02,55.63,55.41,55.6,178711
2020-03-06 09:00:00,55.59,56.54,55.87,56.47,69115
2020-03-06 10:00:00,56.45,56.65,56.26,56.54,140479
2020-03-06 11:00:00,56.44,56.98,56.77,56.89,148551
2020-03-06 12:00:00,56.97,57.4,57.24,57.35,138246
2020-03-06 13:00:00,57.35,57.18,56.59,56.63,59574
2020-03-06 14:00:00,56.66,56.19,55.62,55.63,79662
2020-03-06 15:00:00,55.69,55.25,55.15,55.19,103773
2020-03-06 16:00:00,55.28,54.99,54.56,54.77,106418
2020-03-06 17:00:00,54.68,55.18,54.34,54.62,99460
2020-03-06 18:00:00,54.63,54.8,54.48,54.8,148863
2020-03-06 19:00:00,54.93,54.29,53.58,54.03,50117
2020-03-06 20:00:00,54.16,55.09,54.35,54.78,107886
2020-03-06 21:00:00,54.81,53.9,53.62,53.89,65993
2020-03-06 22:00:00,53.7,56.68,56.45,56.59,175767
2020-03-06 23:00:00,56.61,57.18,56.83,57.15,143769
2020-03-09 00:00:00,57.0,58.07,57.06,57.82,69162
2020-03-09 01:00:00,57.79,59.44,58.31,58.68,76573
2020-03-09 02:00:00,58.62,59.09,58.33,58.74,121578
2020-03-09 03:00:00,58.95,59.51,59.24,59.29,58147
2020-03-09 04:00:00,59.24,59.84,59.67,59.67,89466
2020-03-09 05:00:00,59.55,59.24,58.9,59.18,125000
2020-03-09 06:00:00,59.17,61.13,60.16,60.45,138306
2020-03-09 07:00:00,60.44,59.58,58.96,59.35,102315
2020-03-09 08:00:00,59.06,58.53,57.78,58.15,74165
2020-03-09 09:00:00,58.1,59.76,59.69,59.69,97623
2020-03-09 10:00:00,59.45,60.13,59.68,60.01,147316
2020-03-09 11:00:00,60.14,59.74,59.22,59.29,96657
2020-03-09 12:00:00,59.2,58.77,58.51,58.64,77038
2020-03-09 13:00:00,58.58,59.28,58.72,58.8,99136
2020-03-09 14:00:00,58.69,57.93,57.44,57.69,94944
2020-03-09 15:00:00,57.88,57.93,57.78,57.88,132376
2020-03-09 16:00:00,57.77,57.37,56.68,56.99,89337
2020-03-09 17:00:00,57.07,57.36,56.94,57.18,145337
2020-03-09 18:00:00,57.22,58.77,58.08,58.19,70894
2020-03-09 19:00:00,58.29,59.15,58.87,59.08,118531
2020-03-09 20:00:00,58.92,60.47,60.22,60.29,73453
2020-03-09 21:00:00,60.24,60.62,60.31,60.57,141036
2020-03-09 22:00:00,60.7,60.65,60.0,60.38,52152
2020-03-09 23:00:00,60.59,60.59,59.79,60.14,141710
2020-03-10 00:00:00,60.3,60.92,59.91,60.27,110290
2020-03-10 01:00:00,60.25,60.06,59.96,60.0,116670
2020-03-10 02:00:00,59.82,60.13,59.92,60.1,86240
2020-03-10 03:00:00,60.23,60.3,59.87,59.91,103287
2020-03-10 04:00:00,59.85,60.78,59.92,60.67,126722
2020-03-10 05:00:00,60.81,60.84,60.54,60.75,115902
2020-03-10 06:00:00,60.67,60.67,59.87,60.2,111269
2020-03-10 07:00:00,60.34,60.29,59.37,60.04,68576
2020-03-10 08:00:00,60.3,59.9,59.5,59.8,80486
2020-03-10 09:00:00,60.08,59.53,59.48,59.52,116968
2020-03-10 10:00:00,59.49,59.62,59.43,59.49,135304
2020-03-10 11:00:00,59.76,58.86,58.59,58.64,114884
2020-03-10 12:00:00,58.53,58.38,57.73,58.19,128137
2020-03-10 13:00:00,58.08,58.88,58.6,58.8,68021
2020-03-10 14:00:00,58.67,59.36,58.4,58.72,108738
2020-03-10 15:00:00,58.77,58.13,58.0,58.02,102459
2020-03-10 16:00:00,57.97,58.16,57.65,57.93,59112
2020-03-10 17:00:00,57.91,58.12,57.53,57.91,77592
2020-03-10 18:00:00,57.94,57.76,57.4,57.64,64282
2020-03-10 19:00:00,57.7,57.6,56.86,57.24,133072
2020-03-10 20:00:00,57.26,58.09,57.42,57.84,71384
2020-03-10 21:00:00,57.82,58.03,57.71,57.94,142029
2020-03-10 22:00:00,57.79,57.73,57.18,57.22,141923
2020-03-10 23:00:00,57.19,57.33,56.93,57.17,148864
2020-03-11 00:00:00,57.19,56.8,55.9,56.02,223364
2020-03-11 01:00:00,56.06,55.96,55.71,55.87,86237
2020-03-11 02:00:00,55.8,55.96,55.81,55.88,189167
2020-03-11 03:00:00,55.94,55.88,55.46,55.63,221647
2020-03-11 04:00:00,55.75,55.61,55.2,55.44,133103
2020-03-11 05:00:00,55.48,54.57,54.23,54.42,183267
2020-03-11 06:00:00,54.29,57.13,56.71,56.8,245320
2020-03-11 07:00:00,56.86,57.97,57.37,57.58,172352
2020-03-11 08:00:00,57.65,57.03,56.64,56.81,81696
2020-03-11 09:00:00,56.82,58.53,58.0,58.14,121021
2020-03-11 10:00:00,58.16,60.58,59.67,60.01,265306
2020-03-11 11:00:00,60.07,61.25,60.89,61.01,152784
2020-03-11 12:00:00,61.02,60.89,60.58,60.63,88513
2020-03-11 13:00:00,60.68,60.55,60.03,60.28,126162
2020-03-11 14:00:00,60.06,60.82,60.44,60.77,196445
2020-03-11 15:00:00,60.91,62.32,61.51,62.0,135438
2020-03-11 16:00:00,61.98,61.23,60.68,61.17,87164
2020-03-11 17:00:00,61.18,61.28,60.92,61.25,135039
2020-03-11 18:00:00,61.09,61.19,60.84,60.92,189430
2020-03-11 19:00:00,61.16,59.9,59.35,59.62,285381
2020-03-11 20:00:00,59.72,58.35,57.84,58.15,238676
2020-03-11 21:00:00,58.11,58.57,58.44,58.51,145249
2020-03-11 22:00:00,58.66,57.88,57.13,57.57,138138
2020-03-11 23:00:00,57.6,59.24,58.58,58.74,161763
2020-03-12 00:00:00,58.74,59.67,58.78,58.92,97195
2020-03-12 01:00:00,58.65,58.34,58.11,58.23,76383
2020-03-12 02:00:00,58.27,58.42,58.08,58.21,101005
2020-03-12 03:00:00,58.16,58.63,58.18,58.54,124845
2020-03-12 04:00:00,58.67,59.39,59.17,59.26,88219
2020-03-12 05:00:00,59.16,59.27,58.94,59.22,53438
2020-03-12 06:00:00,59.17,58.87,58.83,58.86,123655
2020-03-12 07:00:00,58.94,59.81,59.27,59.46,82573
2020-03-12 08:00:00,59.52,58.69,58.37,58.52,100592
2020-03-12 09:00:00,58.58,58.92,58.83,58.87,95574
2020-03-12 10:00:00,58.73,60.83,60.53,60.64,138040
2020-03-12 11:00:00,60.62,60.68,60.33,60.49,127028
2020-03-12 12:00:00,60.62,61.78,61.27,61.27,129603
2020-03-12 13:00:00,61.31,60.42,60.09,60.28,98461
2020-03-12 14:00:00,60.16,59.99,59.55,59.7,124384
2020-03-12 15:00:00,59.8,61.48,60.73,60.8,142206
2020-03-12 16:00:00,61.01,61.07,60.75,61.0,116580
2020-03-12 17:00:00,60.76,58.23,57.92,58.2,147189
2020-03-12 18:00:00,58.3,59.51,58.44,58.99,75902
2020-03-12 19:00:00,58.95,59.7,59.07,59.28,135830
2020-03-12 20:00:00,59.32,59.38,58.82,58.94,94552
2020-03-12 21:00:00,59.05,59.9,59.5,59.73,141961
2020-03-12 22:00:00,59.94,59.15,58.83,59.1,53791
2020-03-12 23:00:00,59.13,59.77,59.61,59.63,135387
2020-03-13 00:00:00,59.52,59.86,59.41,59.75,62908
2020-03-13 01:00:00,59.62,59.44,59.14,59.35,88899
2020-03-13 02:00:00,59.13,58.33,57.64,58.04,169652
2020-03-13 03:00:00,57.89,58.4,57.7,58.28,102167
2020-03-13 04:00:00,58.2,58.91,57.66,58.61,81037
2020-03-13 05:00:00,58.43,58.55,58.25,58.36,140788
2020-03-13 06:00:00,58.47,58.41,57.75,58.06,147130
2020-03-13 07:00:00,58.18,58.37,58.0,58.1,62180
2020-03-13 08:00:00,58.29,58.63,58.18,58.2,145893
2020-03-13 09:00:00,58.08,59.02,58.25,58.57,140563
2020-03-13 10:00:00,58.47,58.76,58.44,58.51,122778
2020-03-13 11:00:00,58.41,58.79,58.59,58.78,59445
2020-03-13 12:00:00,58.5,59.02,58.98,58.98,79582
2020-03-13 13:00:00,59.03,59.06,58.46,58.6,92594
2020-03-13 14:00:00,58.67,57.87,57.33,57.79,147285
2020-03-13 15:00:00,57.8,57.82,57.32,57.56,67012
2020-03-13 16:00:00,57.43,59.05,58.42,58.55,77250
2020-03-13 17:00:00,58.55,58.54,58.21,58.5,149885
2020-03-13 18:00:00,58.63,58.96,58.58,58.83,126206
2020-03-13 19:00:00,58.73,59.76,59.36,59.76,115069
2020-03-13 20:00:00,59.83,59.49,58.4,58.86,54691
2020-03-13 21:00:00,58.93,59.54,59.14,59.37,60161
2020-03-13 22:00:00,59.55,58.65,58.5,58.64,84738
2020-03-13 23:00:00,58.82,59.04,58.45,58.72,133919
2020-03-16 00:00:00,58.69,58.97,58.29,58.76,123495
2020-03-16 01:00:00,58.81,58.86,58.48,58.64,76140
2020-03-16 02:00:00,58.49,59.03,58.82,58.96,87678
2020-03-16 03:00:00,58.95,59.56,59.35,59.48,136532
2020-03-16 04:00:00,59.65,57.98,57.63,57.81,116597
2020-03-16 05:00:00,57.88,58.38,57.49,58.07,84100
2020-03-16 06:00:00,57.97,58.23,57.84,58.12,147043
2020-03-16 07:00:00,58.13,56.98,56.84,56.95,97581
2020-03-16 08:00:00,56.9,58.2,57.5,57.89,135590
2020-03-16 09:00:00,58.03,59.0,58.29,58.54,63562
2020-03-16 10:00:00,58.52,58.78,58.47,58.55,135032
2020-03-16 11:00:00,58.55,59.14,58.84,59.11,125471
2020-03-16 12:00:00,58.92,58.82,58.08,58.8,69982
2020-03-16 13:00:00,58.87,58.49,58.09,58.34,104203
2020-03-16 14:00:00,58.22,58.87,58.53,58.54,65347
2020-03-16 15:00:00,58.43,59.17,58.62,59.0,121247
2020-03-16 16:00:00,59.12,58.69,58.39,58.66,126931
2020-03-16 17:00:00,58.7,59.67,59.29,59.31,75999
2020-03-16 18:00:00,59.35,59.86,59.53,59.75,119626
2020-03-16 19:00:00,59.64,60.83,60.23,60.46,109421
2020-03-16 20:00:00,60.51,60.36,59.68,60.16,82982
2020-03-16 21:00:00,60.3,60.26,60.08,60.18,122046
2020-03-16 22:00:00,60.16,59.91,59.53,59.75,77719
2020-03-16 23:00:00,59.62,61.11,60.29,60.75,140630
2020-03-17 00:00:00,60.72,59.73,59.72,59.73,145203
2020-03-17 01:00:00,59.64,58.59,58.44,58.47,76368
2020-03-17 02:00:00,58.62,58.52,57.97,58.06,59996
2020-03-17 03:00:00,57.94,57.86,57.54,57.82,133075
2020-03-17 04:00:00,57.71,57.88,57.19,57.38,67356
2020-03-17 05:00:00,57.32,56.84,56.68,56.79,73980
2020-03-17 06:00:00,56.76,56.18,56.01,56.1,75272
2020-03-17 07:00:00,55.83,56.29,56.08,56.2,84899
2020-03-17 08:00:00,56.3,57.29,56.99,57.18,86549
2020-03-17 09:00:00,57.18,57.78,57.25,57.53,116137
2020-03-17 10:00:00,57.68,57.48,57.1,57.13,102227
2020-03-17 11:00:00,57.13,56.93,56.66,56.83,90025
2020-03-17 12:00:00,56.85,57.7,57.14,57.25,58008
2020-03-17 13:00:00,57.26,59.01,58.96,58.98,87137
2020-03-17 14:00:00,59.02,59.44,59.28,59.33,92665
2020-03-17 15:00:00,59.2,60.38,59.12,59.82,136698
2020-03-17 16:00:00,60.03,58.95,58.49,58.71,110645
2020-03-17 17:00:00,58.72,58.6,57.93,58.16,53359
2020-03-17 18:00:00,58.15,57.89,57.0,57.35,82584
2020-03-17 19:00:00,57.49,58.03,57.72,57.97,137245
2020-03-17 20:00:00,57.93,57.63,56.95,57.23,95119
2020-03-17 21:00:00,56.96,58.89,58.43,58.71,143159
2020-03-17 22:00:00,58.82,58.52,58.33,58.37,136159
2020-03-17 23:00:00,58.17,57.95,57.62,57.67,140904
2020-03-18 00:00:00,57.75,57.65,57.39,57.41,177199
2020-03-18 01:00:00,57.18,56.54,56.44,56.54,161854
2020-03-18 02:00:00,56.53,56.22,56.0,56.09,168086
2020-03-18 03:00:00,56.02,58.65,57.94,58.49,259341
2020-03-18 04:00:00,58.6,57.64,57.35,57.45,205552
2020-03-18 05:00:00,57.43,58.91,58.77,58.89,198322
2020-03-18 06:00:00,58.85,60.07,59.74,59.85,196369
2020-03-18 07:00:00,59.79,60.81,60.23,60.6,137698
2020-03-18 08:00:00,60.61,61.59,61.11,61.49,110021
2020-03-18 09:00:00,61.45,61.92,61.33,61.49,143344
2020-03-18 10:00:00,61.36,61.19,60.74,60.82,109817
2020-03-18 11:00:00,60.74,61.88,61.71,61.73,217996
2020-03-18 12:00:00,61.53,63.99,63.86,63.93,107750
2020-03-18 13:00:00,63.86,66.37,65.19,65.98,130332
2020-03-18 14:00:00,65.93,66.86,66.46,66.52,167075
2020-03-18 15:00:00,66.23,67.23,66.34,66.56,195203
2020-03-18 16:00:00,66.59,65.12,64.07,64.36,170779
2020-03-18 17:00:00,64.56,66.23,65.75,65.99,171997
2020-03-18 18:00:00,65.86,65.73,64.99,65.29,121361
2020-03-18 19:00:00,65.25,67.38,66.75,67.22,169812
2020-03-18 20:00:00,67.16,65.05,64.69,64.96,243624
2020-03-18 21:00:00,64.69,65.25,65.04,65.14,176428
2020-03-18 22:00:00,65.06,66.05,65.19,65.47,177802
2020-03-18 23:00:00,65.29,64.07,63.7,63.74,118644
2020-03-19 00:00:00,63.74,64.05,63.64,63.94,90672
2020-03-19 01:00:00,64.21,64.41,63.59,63.87,110832
2020-03-19 02:00:00,64.08,64.5,64.26,64.35,114227
2020-03-19 03:00:00,64.27,64.35,64.21,64.31,59358
2020-03-19 04:00:00,64.27,64.24,63.86,64.16,147768
2020-03-19 05:00:00,64.06,65.04,64.89,64.96,112584
2020-03-19 06:00:00,65.03,65.21,64.79,64.91,144017
2020-03-19 07:00:00,64.88,62.81,62.19,62.21,106355
2020-03-19 08:00:00,62.26,62.83,62.47,62.73,123732
2020-03-19 09:00:00,62.55,62.23,61.38,61.74,139686
2020-03-19 10:00:00,61.77,61.63,61.1,61.38,55239
2020-03-19 11:00:00,61.24,59.45,58.64,59.23,76573
2020-03-19 12:00:00,59.24,60.08,59.81,60.02,87707
2020-03-19 13:00:00,59.94,60.59,60.24,60.33,110759
2020-03-19 14:00:00,60.35,60.84,60.6,60.83,140953
2020-03-19 15:00:00,60.58,60.43,60.02,60.21,147876
2020-03-19 16:00:00,60.13,59.81,59.05,59.56,108575
2020-03-19 17:00:00,59.59,59.95,59.75,59.9,62522
2020-03-19 18:00:00,59.84,60.36,59.56,60.18,89309
2020-03-19 19:00:00,60.08,60.45,60.15,60.25,132335
2020-03-19 20:00:00,60.21,59.28,59.08,59.16,63049
2020-03-19 21:00:00,59.21,59.38,59.09,59.26,75387
2020-03-19 22:00:00,59.2,59.21,58.74,59.21,70961
2020-03-19 23:00:00,59.1,59.5,59.21,59.41,82957
2020-03-20 00:00:00,59.41,60.62,59.32,59.87,101478
2020-03-20 01:00:00,59.94,59.69,59.29,59.46,144250
2020-03-20 02:00:00,59.37,60.44,60.04,60.27,73012
2020-03-20 03:00:00,60.3,60.5,60.13,60.41,68158
2020-03-20 04:00:00,60.47,60.94,60.37,60.52,112677
2020-03-20 05:00:00,60.54,60.96,60.7,60.92,57324
2020-03-20 06:00:00,61.01,60.92,60.57,60.91,133580
2020-03-20 07:00:00,60.82,61.75,60.66,60.97,55741
2020-03-20 08:00:00,60.95,60.59,60.4,60.59,96762
2020-03-20 09:00:00,60.63,60.49,60.07,60.47,88075
2020-03-20 10:00:00,60.6,61.11,60.58,60.63,116980
2020-03-20 11:00:00,60.62,60.94,60.67,60.83,145382
2020-03-20 12:00:00,60.79,61.56,61.32,61.33,120131
2020-03-20 13:00:00,61.33,60.65,60.26,60.57,139423
2020-03-20 14:00:00,60.42,61.37,60.9,60.92,135808
2020-03-20 15:00:00,60.89,61.39,60.53,60.6,101833
2020-03-20 16:00:00,60.69,60.29,59.82,60.11,126357
2020-03-20 17:00:00,60.05,60.15,59.6,59.9,84778
2020-03-20 18:00:00,59.98,60.64,60.07,60.14,124614
2020-03-20 19:00:00,60.13,59.72,59.33,59.56,61156
2020-03-20 20:00:00,59.52,59.99,59.58,59.7,86955
2020-03-20 21:00:00,59.42,59.04,58.73,58.82,51758
2020-03-20 22:00:00,59.03,59.74,59.56,59.61,145636
2020-03-20 23:00:00,59.5,60.32,59.79,59.89,97091
2020-03-23 00:00:00,59.91,59.86,59.41,59.53,55344
2020-03-23 01:00:00,59.52,59.82,59.67,59.7,95480
2020-03-23 02:00:00,59.54,60.66,60.12,60.4,60551
2020-03-23 03:00:00,60.58,60.5,60.23,60.44,123673
2020-03-23 04:00:00,60.38,60.38,59.19,60.08,113720
2020-03-23 05:00:00,59.91,58.2,58.12,58.17,159510
2020-03-23 06:00:00,58.27,58.33,57.58,58.12,123735
2020-03-23 07:00:00,58.03,58.75,58.35,58.38,78716
2020-03-23 08:00:00,58.55,58.33,57.88,58.22,55601
2020-03-23 09:00:00,58.22,59.13,58.34,58.53,148530
2020-03-23 10:00:00,58.47,59.98,59.55,59.72,94447
2020-03-23 11:00:00,59.74,59.79,59.21,59.54,58696
2020-03-23 12:00:00,59.52,59.46,59.34,59.36,124679
2020-03-23 13:00:00,59.4,60.02,59.12,59.49,146724
2020-03-23 14:00:00,59.33,58.96,58.46,58.61,77338
2020-03-23 15:00:00,58.56,58.64,58.6,58.61,148596
2020-03-23 16:00:00,58.61,58.74,58.39,58.53,92867
2020-03-23 17:00:00,58.43,58.92,58.43,58.69,135041
2020-03-23 18:00:00,58.85,58.92,58.52,58.71,120144
2020-03-23 19:00:00,58.78,59.38,58.67,59.25,102600
2020-03-23 20:00:00,59.02,60.65,60.26,60.36,109271
2020-03-23 21:00:00,60.0,61.72,61.52,61.72,124150
2020-03-23 22:00:00,61.83,63.35,62.37,62.51,56100
2020-03-23 23:00:00,62.34,63.33,62.69,62.79,131329
2020-03-24 00:00:00,62.8,62.52,61.59,62.12,64059
2020-03-24 01:00:00,62.07,62.14,61.78,62.12,76497
2020-03-24 02:00:00,62.24,61.15,60.79,60.84,89719
2020-03-24 03:00:00,60.97,60.55,60.1,60.38,52209
2020-03-24 04:00:00,60.38,61.77,61.33,61.38,125151
2020-03-24 05:00:00,61.35,62.41,61.89,62.05,51342
2020-03-24 06:00:00,62.33,62.72,62.28,62.43,85969
2020-03-24 07:00:00,62.29,62.91,62.41,62.47,88841
2020-03-24 08:00:00,62.49,62.69,62.62,62.64,144491
2020-03-24 09:00:00,62.56,61.79,61.42,61.78,87423
2020-03-24 10:00:00,61.85,62.13,61.76,62.12,119550
2020-03-24 11:00:00,62.03,62.56,62.27,62.5,58576
2020-03-24 12:00:00,62.61,62.61,62.44,62.46,117244
2020-03-24 13:00:00,62.33,61.3,60.86,60.91,182910
2020-03-24 14:00:00,61.06,60.67,60.54,60.57,124892
2020-03-24 15:00:00,60.46,60.74,60.49,60.58,147415
2020-03-24 16:00:00,60.6,60.15,59.63,59.96,138283
2020-03-24 17:00:00,60.12,60.17,59.27,60.0,138503
2020-03-24 18:00:00,60.28,60.56,60.45,60.49,81555
2020-03-24 19:00:00,60.68,62.42,62.13,62.17,163613
2020-03-24 20:00:00,62.04,61.39,60.98,61.07,64892
2020-03-24 21:00:00,60.81,61.59,60.41,61.35,81316
2020-03-24 22:00:00,61.32,62.16,61.97,61.98,116820
2020-03-24 23:00:00,62.1,63.48,62.59,63.01,116769
2020-03-25 00:00:00,63.12,66.11,65.61,66.07,181279
2020-03-25 01:00:00,66.05,66.84,66.59,66.73,107513
2020-03-25 02:00:00,66.56,66.56,65.72,65.91,211985
2020-03-25 03:00:00,65.77,64.36,63.94,64.18,157239
2020-03-25 04:00:00,64.26,65.3,64.75,65.14,202801
2020-03-25 05:00:00,65.07,65.79,65.05,65.37,202721
2020-03-25 06:00:00,65.38,65.95,65.65,65.71,195941
2020-03-25 07:00:00,65.75,66.93,66.53,66.81,163713
2020-03-25 08:00:00,66.77,67.23,66.68,67.12,180193
2020-03-25 09:00:00,67.22,67.09,66.44,66.76,122938
2020-03-25 10:00:00,66.67,66.18,66.06,66.16,168730
2020-03-25 11:00:00,66.3,64.88,64.22,64.27,272631
2020-03-25 12:00:00,64.18,66.09,65.66,65.72,257040
2020-03-25 13:00:00,65.75,64.67,63.98,64.09,144167
2020-03-25 14:00:00,64.14,63.04,61.97,62.54,138954
2020-03-25 15:00:00,62.46,62.39,61.47,62.02,163125
2020-03-25 16:00:00,62.13,63.41,62.66,63.29,190617
2020-03-25 17:00:00,63.03,63.55,62.93,63.0,163377
2020-03-25 18:00:00,63.22,63.93,63.61,63.79,116685
2020-03-25 19:00:00,63.66,65.65,65.49,65.57,284547
2020-03-25 20:00:00,65.55,65.37,65.05,65.22,138790
2020-03-25 21:00:00,65.15,65.01,64.25,64.4,114537
2020-03-25 22:00:00,64.75,66.15,65.69,66.04,172649
2020-03-25 23:00:00,66.04,67.68,66.49,66.91,117116
2020-03-26 00:00:00,66.85,68.13,66.97,67.93,69827
2020-03-26 01:00:00,67.79,67.0,66.22,66.54,109403
2020-03-26 02:00:00,66.36,64.11,63.52,63.9,118140
2020-03-26 03:00:00,63.96,63.8,63.6,63.61,79842
2020-03-26 04:00:00,63.56,63.8,63.37,63.39,135739
2020-03-26 05:00:00,63.45,63.62,63.36,63.38,131810
2020-03-26 06:00:00,63.54,63.77,63.21,63.58,136760
2020-03-26 07:00:00,63.39,63.1,62.54,63.07,118455
2020-03-26 08:00:00,62.87,62.77,62.32,62.47,102953
2020-03-26 09:00:00,62.62,63.12,62.07,62.48,120527
2020-03-26 10:00:00,62.26,62.85,62.4,62.5,77258
2020-03-26 11:00:00,62.68,61.62,61.27,61.34,75944
2020-03-26 12:00:00,61.54,63.47,62.88,63.01,171894
2020-03-26 13:00:00,62.94,64.23,64.08,64.12,96302
2020-03-26 14:00:00,64.12,64.44,63.65,63.97,107671
2020-03-26 15:00:00,64.01,64.43,63.9,64.28,100051
2020-03-26 16:00:00,64.26,64.62,64.09,64.37,64745
2020-03-26 17:00:00,64.52,64.0,63.25,63.63,85430
2020-03-26 18:00:00,63.5,63.69,63.35,63.61,81709
2020-03-26 19:00:00,63.67,62.97,61.96,62.21,76498
2020-03-26 20:00:00,62.28,62.91,62.16,62.61,123971
2020-03-26 21:00:00,62.84,62.19,62.04,62.17,95180
2020-03-26 22:00:00,62.09,62.75,62.35,62.46,102404
2020-03-26 23:00:00,62.61,63.37,62.3,62.91,115850
2020-03-27 00:00:00,62.75,64.03,63.79,64.01,81624
2020-03-27 01:00:00,64.01,63.36,62.84,63.12,98047
2020-03-27 02:00:00,63.21,63.14,62.45,62.58,67867
2020-03-27 03:00:00,62.39,62.82,62.63,62.65,77744
2020-03-27 04:00:00,62.67,62.58,62.13,62.45,122681
2020-03-27 05:00:00,62.47,63.37,62.02,62.5,89164
2020-03-27 06:00:00,62.52,63.32,62.76,63.2,84244
2020-03-27 07:00:00,63.18,63.29,62.66,63.08,84743
2020-03-27 08:00:00,63.04,64.24,64.04,64.15,97089
2020-03-27 09:00:00,64.17,64.77,64.22,64.74,56335
2020-03-27 10:00:00,64.63,64.13,63.78,64.0,59460
2020-03-27 11:00:00,63.91,62.84,62.0,62.82,69595
2020-03-27 12:00:00,62.88,62.78,62.41,62.65,105462
2020-03-27 13:00:00,62.58,63.31,63.1,63.28,82982
2020-03-27 14:00:00,63.28,63.6,63.19,63.42,73705
2020-03-27 15:00:00,63.57,65.98,65.02,65.36,178530
2020-03-27 16:00:00,65.21,65.04,64.35,64.65,77637
2020-03-27 17:00:00,64.47,64.83,64.66,64.68,102136
2020-03-27 18:00:00,64.66,64.5,63.65,64.36,110827
2020-03-27 19:00:00,64.18,65.13,64.93,64.95,102320
2020-03-27 20:00:00,65.01,63.64,63.32,63.55,187217
2020-03-27 21:00:00,63.53,63.07,62.77,62.87,50283
2020-03-27 22:00:00,62.86,64.14,63.23,63.35,85990
2020-03-27 23:00:00,63.18,64.17,63.35,63.67,63575
2020-03-30 00:00:00,63.78,63.76,63.31,63.61,100585
2020-03-30 01:00:00,63.66,63.37,62.91,63.16,134690
2020-03-30 02:00:00,62.98,63.34,63.01,63.16,90894
2020-03-30 03:00:00,63.17,63.22,62.39,63.06,72792
2020-03-30 04:00:00,63.12,62.68,62.35,62.49,78785
2020-03-30 05:00:00,62.5,63.31,62.69,63.16,63629
2020-03-30 06:00:00,63.1,63.99,63.28,63.69,147436
2020-03-30 07:00:00,63.54,65.43,64.33,64.61,83568
2020-03-30 08:00:00,64.65,64.6,64.17,64.41,102101
2020-03-30 09:00:00,64.56,65.25,64.59,64.88,76103
2020-03-30 10:00:00,64.93,65.3,65.03,65.14,127252
2020-03-30 11:00:00,65.12,63.56,63.45,63.47,107181
2020-03-30 12:00:00,63.5,67.54,66.86,66.93,75690
2020-03-30 13:00:00,67.02,66.79,66.15,66.42,100095
2020-03-30 14:00:00,66.46,65.54,65.03,65.54,96721
2020-03-30 15:00:00,65.38,65.48,65.29,65.31,110155
2020-03-30 16:00:00,65.29,64.91,64.53,64.72,131555
2020-03-30 17:00:00,64.7,63.33,62.84,63.22,134678
2020-03-30 18:00:00,63.17,63.82,63.38,63.74,64910
2020-03-30 19:00:00,63.75,64.43,63.28,64.17,96742
2020-03-30 20:00:00,63.93,63.56,63.25,63.32,139236
2020-03-30 21:00:00,63.26,63.13,62.81,63.11,139694
2020-03-30 22:00:00,63.14,63.46,62.92,62.98,142533
2020-03-30 23:00:00,62.77,62.11,61.66,61.9,78820
2020-03-31 00:00:00,61.85,61.58,60.89,61.13,110005
2020-03-31 01:00:00,61.25,60.72,60.18,60.52,127772
2020-03-31 02:00:00,60.5,60.61,60.38,60.43,113732
2020-03-31 03:00:00,60.32,60.84,60.39,60.68,58328
2020-03-31 04:00:00,60.59,61.19,61.0,61.08,146777
2020-03-31 05:00:00,61.11,62.14,62.05,62.09,91631
2020-03-31 06:00:00,62.12,63.01,62.48,62.54,78147
2020-03-31 07:00:00,62.66,62.51,62.29,62.42,64734
2020-03-31 08:00:00,62.46,62.81,62.41,62.73,60807
2020-03-31 09:00:00,62.85,63.78,63.17,63.25,55845
2020-03-31 10:00:00,63.35,63.75,63.22,63.55,129300
2020-03-31 11:00:00,63.68,64.21,63.59,63.9,113854
2020-03-31 12:00:00,63.9,63.53,63.16,63.25,55272
2020-03-31 13:00:00,63.44,63.25,62.9,62.96,147172
2020-03-31 14:00:00,63.17,62.34,62.04,62.26,89147
2020-03-31 15:00:00,62.23,62.79,62.41,62.7,99764
2020-03-31 16:00:00,62.86,62.67,62.31,62.56,94937
2020-03-31 17:00:00,62.67,63.07,62.93,62.97,62515
2020-03-31 18:00:00,62.94,63.06,62.89,62.89,78165
2020-03-31 19:00:00,63.03,63.39,62.41,62.57,94003
2020-03-31 20:00:00,62.38,63.85,63.44,63.66,145575
2020-03-31 21:00:00,63.58,62.99,62.93,62.95,64765
2020-03-31 22:00:00,62.9,62.39,62.0,62.24,104344
2020-03-31 23:00:00,62.42,62.31,62.13,62.3,83097
2020-04-01 00:00:00,62.45,61.71,60.93,61.08,88572
2020-04-01 01:00:00,61.16,62.73,62.25,62.48,101742
2020-04-01 02:00:00,62.38,64.03,63.39,63.91,291229
2020-04-01 03:00:00,64.05,62.56,61.19,61.69,184546
2020-04-01 04:00:00,61.67,63.99,63.53,63.71,136803
2020-04-01 05:00:00,63.88,62.96,62.83,62.88,205134
2020-04-01 06:00:00,63.0,63.01,62.47,62.48,171866
2020-04-01 07:00:00,62.67,65.18,64.91,65.11,168434
2020-04-01 08:00:00,65.2,64.16,63.8,64.0,81165
2020-04-01 09:00:00,64.03,65.13,64.56,65.01,171776
2020-04-01 10:00:00,64.98,64.77,64.53,64.53,206102
2020-04-01 11:00:00,64.42,65.11,64.47,64.63,189083
2020-04-01 12:00:00,64.72,66.56,66.41,66.42,127625
2020-04-01 13:00:00,66.5,65.09,64.47,65.02,122198
2020-04-01 14:00:00,65.1,66.77,66.13,66.27,168689
2020-04-01 15:00:00,65.97,66.36,65.98,66.27,147507
2020-04-01 16:00:00,66.21,64.4,63.67,63.89,247345
2020-04-01 17:00:00,63.82,63.24,62.98,63.17,185589
2020-04-01 18:00:00,63.0,63.45,62.87,63.14,91802
2020-04-01 19:00:00,62.76,62.77,62.51,62.57,109569
2020-04-01 20:00:00,62.4,63.53,63.34,63.42,187016
2020-04-01 21:00:00,63.48,61.98,61.72,61.86,119057
2020-04-01 22:00:00,61.98,61.61,61.23,61.52,156563
2020-04-01 23:00:00,61.55,59.72,59.24,59.32,135595
2020-04-02 00:00:00,59.44,59.47,58.81,58.98,52512
2020-04-02 01:00:00,59.12,59.24,58.81,59.23,56072
2020-04-02 02:00:00,59.06,59.81,59.22,59.62,51221
2020-04-02 03:00:00,59.5,59.07,58.62,58.88,120096
2020-04-02 04:00:00,58.85,59.49,58.97,59.17,63367
2020-04-02 05:00:00,59.29,59.56,59.23,59.45,119240
2020-04-02 06:00:00,59.6,58.94,58.93,58.94,106053
2020-04-02 07:00:00,58.94,58.94,57.97,58.44,93049
2020-04-02 08:00:00,58.49,59.47,58.13,58.55,84456
2020-04-02 09:00:00,58.44,59.88,59.28,59.6,76563
2020-04-02 10:00:00,59.54,61.73,61.27,61.32,174334
2020-04-02 11:00:00,61.37,63.24,62.53,62.67,161433
2020-04-02 12:00:00,62.63,63.05,62.18,62.54,64020
2020-04-02 13:00:00,62.35,62.87,62.31,62.82,90758
2020-04-02 14:00:00,62.84,63.06,62.64,62.94,146074
2020-04-02 15:00:00,62.82,64.83,63.95,64.2,95777
2020-04-02 16:00:00,63.99,64.57,64.04,64.28,55503
2020-04-02 17:00:00,64.14,64.82,64.34,64.36,64495
2020-04-02 18:00:00,64.27,63.82,63.53,63.55,107587
2020-04-02 19:00:00,63.5,62.94,62.53,62.6,112225
2020-04-02 20:00:00,62.44,62.66,62.11,62.52,144944
2020-04-02 21:00:00,62.66,62.78,62.11,62.27,71839
2020-04-02 22:00:00,62.4,62.0,61.45,61.7,69081
2020-04-02 23:00:00,61.53,61.62,60.89,61.46,109471
2020-04-03 00:00:00,61.33,62.54,61.75,62.29,89153
2020-04-03 01:00:00,62.12,63.14,62.3,62.55,50310
2020-04-03 02:00:00,62.48,63.64,62.95,63.37,100833
2020-04-03 03:00:00,63.24,63.86,62.65,63.11,98795
2020-04-03 04:00:00,62.99,63.02,62.89,62.94,104757
2020-04-03 05:00:00,62.79,63.69,63.27,63.62,74223
2020-04-03 06:00:00,63.53,63.74,63.62,63.65,107793
2020-04-03 07:00:00,63.68,64.34,64.13,64.2,107890
2020-04-03 08:00:00,64.37,63.94,62.62,63.51,144454
2020-04-03 09:00:00,63.26,64.47,64.16,64.25,101360
2020-04-03 10:00:00,64.26,64.78,64.65,64.74,87996
2020-04-03 11:00:00,64.77,65.18,64.6,64.9,73171
2020-04-03 12:00:00,64.93,65.11,64.9,64.95,50915
2020-04-03 13:00:00,64.8,65.29,64.98,64.98,82673
2020-04-03 14:00:00,65.04,64.14,63.59,63.73,129762
2020-04-03 15:00:00,63.92,64.15,63.5,63.89,121605
2020-04-03 16:00:00,63.64,64.42,63.6,64.01,105137
2020-04-03 17:00:00,64.17,63.06,63.02,63.04,90596
2020-04-03 18:00:00,63.07,62.32,61.95,61.99,140331
2020-04-03 19:00:00,62.05,61.08,60.79,61.03,50017
2020-04-03 20:00:00,60.81,60.46,60.25,60.44,115773
2020-04-03 21:00:00,60.44,61.99,61.64,61.72,174322
2020-04-03 22:00:00,61.57,61.94,61.84,61.89,146863
2020-04-03 23:00:00,61.96,62.48,62.17,62.43,132720
2020-04-06 00:00:00,62.58,62.68,62.13,62.22,137442
2020-04-06 01:00:00,62.2,63.04,62.22,62.32,135679
2020-04-06 02:00:00,62.44,61.7,60.8,61.19,91624
2020-04-06 03:00:00,61.28,61.42,60.56,61.17,129916
2020-04-06 04:00:00,61.11,60.77,60.3,60.63,139385
2020-04-06 05:00:00,60.62,59.87,59.33,59.64,95384
2020-04-06 06:00:00,59.5,59.66,59.17,59.25,61782
2020-04-06 07:00:00,59.31,58.32,57.96,58.11,50751
2020-04-06 08:00:00,58.07,58.82,58.12,58.26,124520
2020-04-06 09:00:00,58.2,57.94,57.68,57.81,147527
2020-04-06 10:00:00,57.79,59.16,58.53,58.78,50612
2020-04-06 11:00:00,58.81,59.79,58.62,59.21,133068
2020-04-06 12:00:00,59.23,60.66,59.85,60.08,63853
2020-04-06 13:00:00,60.15,61.2,60.8,60.93,84356
2020-04-06 14:00:00,60.92,60.63,59.98,60.08,85661
2020-04-06 15:00:00,59.93,60.22,60.0,60.16,139414
2020-04-06 16:00:00,60.06,59.3,58.85,59.22,88398
2020-04-06 17:00:00,59.18,60.0,59.52,59.84,74176
2020-04-06 18:00:00,59.81,59.73,59.56,59.62,51483
2020-04-06 19:00:00,59.65,59.28,58.95,59.09,131298
2020-04-06 20:00:00,59.12,59.17,58.3,58.86,53809
2020-04-06 21:00:00,58.83,58.6,58.19,58.28,145047
2020-04-06 22:00:00,58.11,57.76,57.65,57.65,101081
2020-04-06 23:00:00,57.58,58.89,58.47,58.5,50636
2020-04-07 00:00:00,58.44,59.49,59.34,59.36,148326
2020-04-07 01:00:00,59.26,60.14,59.51,59.86,133034
2020-04-07 02:00:00,59.83,60.0,59.75,59.97,126622
2020-04-07 03:00:00,59.92,61.19,60.79,60.96,107016
2020-04-07 04:00:00,61.06,60.87,60.32,60.61,115507
2020-04-07 05:00:00,60.8,61.03,60.87,60.93,146502
2020-04-07 06:00:00,61.13,62.05,61.35,62.05,79195
2020-04-07 07:00:00,61.91,62.05,61.67,61.76,134330
2020-04-07 08:00:00,61.94,62.88,62.69,62.72,99398
2020-04-07 09:00:00,62.99,60.07,59.97,60.05,134840
2020-04-07 10:00:00,60.03,59.27,59.01,59.1,95849
2020-04-07 11:00:00,59.24,58.69,58.24,58.48,125494
2020-04-07 12:00:00,58.52,58.09,57.93,57.97,53162
2020-04-07 13:00:00,57.77,59.17,58.31,58.48,87541
2020-04-07 14:00:00,58.57,58.97,58.47,58.85,117499
2020-04-07 15:00:00,58.88,59.97,59.29,59.36,136835
2020-04-07 16:00:00,59.32,58.29,58.14,58.25,128945
2020-04-07 17:00:00,58.22,59.25,58.85,59.03,110761
2020-04-07 18:00:00,59.0,59.7,59.14,59.56,68991
2020-04-07 19:00:00,59.33,59.59,58.84,59.07,113121
2020-04-07 20:00:00,59.12,59.5,58.69,59.21,120603
2020-04-07 21:00:00,59.25,58.82,58.53,58.8,121779
2020-04-07 22:00:00,58.79,59.14,58.63,58.9,119847
2020-04-07 23:00:00,58.93,58.33,57.81,58.2,76956
2020-04-08 00:00:00,58.3,59.11,58.89,58.99,199574
2020-04-08 01:00:00,58.92,56.81,56.55,56.8,284450
2020-04-08 02:00:00,56.7,57.52,57.32,57.37,90829
2020-04-08 03:00:00,57.34,56.22,55.56,55.95,173431
2020-04-08 04:00:00,56.02,56.69,55.98,56.08,220042
2020-04-08 05:00:00,55.99,55.08,54.6,54.92,196539
2020-04-08 06:00:00,54.98,56.0,55.82,55.88,85602
2020-04-08 07:00:00,55.74,56.3,56.08,56.19,128160
2020-04-08 08:00:00,56.29,58.25,57.68,58.18,108102
2020-04-08 09:00:00,58.12,57.19,56.51,56.66,141113
2020-04-08 10:00:00,56.73,58.5,58.31,58.39,274370
2020-04-08 11:00:00,58.56,58.8,57.93,58.15,94637
2020-04-08 12:00:00,58.08,56.88,56.37,56.63,121440
2020-04-08 13:00:00,56.61,55.78,55.63,55.71,98320
2020-04-08 14:00:00,55.88,57.71,56.56,57.02,184111
2020-04-08 15:00:00,56.99,56.87,56.67,56.86,123977
2020-04-08 16:00:00,56.77,56.38,56.17,56.29,139466
2020-04-08 17:00:00,56.15,57.18,56.48,56.84,220273
2020-04-08 18:00:00,56.79,58.65,58.29,58.56,213116
2020-04-08 19:00:00,58.51,60.45,59.87,60.25,244152
2020-04-08 20:00:00,60.27,57.83,56.96,57.52,118031
2020-04-08 21:00:00,57.63,58.09,57.63,57.85,173948
2020-04-08 22:00:00,57.72,58.08,57.84,57.94,181622
2020-04-08 23:00:00,57.96,59.06,58.34,58.77,206092
2020-04-09 00:00:00,58.85,58.08,57.82,57.88,81331
2020-04-09 01:00:00,58.0,58.6,57.83,58.51,134454
2020-04-09 02:00:00,58.38,58.37,57.58,58.16,69811
2020-04-09 03:00:00,57.98,59.19,58.62,58.71,121403
2020-04-09 04:00:00,58.63,59.21,58.93,59.0,91871
2020-04-09 05:00:00,59.21,58.95,58.34,58.37,54282
2020-04-09 06:00:00,58.42,58.97,58.68,58.74,54821
2020-04-09 07:00:00,58.58,59.13,58.49,58.88,138454
2020-04-09 08:00:00,58.91,59.18,58.33,59.04,67264
2020-04-09 09:00:00,59.21,59.11,58.97,59.06,94623
2020-04-09 10:00:00,59.02,59.61,58.87,59.26,80435
2020-04-09 11:00:00,59.1,61.11,60.6,60.65,126605
2020-04-09 12:00:00,60.71,59.99,59.61,59.81,143236
2020-04-09 13:00:00,59.99,60.51,59.95,60.0,87035
2020-04-09 14:00:00,59.95,59.24,58.94,59.15,93555
2020-04-09 15:00:00,58.97,60.36,59.83,59.87,70717
2020-04-09 16:00:00,59.77,60.7,60.4,60.62,59822
2020-04-09 17:00:00,60.67,60.02,59.8,59.96,121601
2020-04-09 18:00:00,59.93,60.9,60.8,60.9,55481
2020-04-09 19:00:00,61.01,61.24,61.0,61.0,127504
2020-04-09 20:00:00,61.15,61.35,61.11,61.34,111300
2020-04-09 21:00:00,61.26,60.27,59.87,60.06,126071
2020-04-09 22:00:00,60.11,60.18,59.31,59.83,135439
2020-04-09 23:00:00,59.97,59.09,58.67,58.98,128325
2020-04-10 00:00:00,59.0,57.88,57.76,57.84,65233
2020-04-10 01:00:00,57.77,57.76,56.92,56.98,98919
2020-04-10 02:00:00,56.85,57.46,56.95,57.08,86582
2020-04-10 03:00:00,57.04,57.01,56.85,57.0,126450
2020-04-10 04:00:00,56.96,57.3,56.84,57.03,59960
2020-04-10 05:00:00,57.02,57.26,56.65,56.95,111201
2020-04-10 06:00:00,56.94,56.11,55.68,55.98,58594
2020-04-10 07:00:00,55.79,56.24,56.01,56.18,84653
2020-04-10 08:00:00,56.29,57.42,57.22,57.25,142693
2020-04-10 09:00:00,57.37,57.29,56.64,56.9,132523
2020-04-10 10:00:00,56.79,57.41,57.06,57.34,81729
2020-04-10 11:00:00,57.38,58.47,57.83,57.97,114902
2020-04-10 12:00:00,58.05,58.34,58.09,58.2,108724
2020-04-10 13:00:00,58.13,58.41,57.74,58.05,132085
2020-04-10 14:00:00,58.1,57.69,57.22,57.23,84240
2020-04-10 15:00:00,57.14,56.31,55.75,55.78,157961
2020-04-10 16:00:00,55.79,55.81,55.51,55.77,89193
2020-04-10 17:00:00,56.02,55.82,55.43,55.8,105733
2020-04-10 18:00:00,55.76,57.05,56.78,56.9,83178
2020-04-10 19:00:00,56.85,57.69,57.2,57.47,90199
2020-04-10 20:00:00,57.31,57.62,57.31,57.44,61821
2020-04-10 21:00:00,57.5,56.91,56.64,56.77,77904
2020-04-10 22:00:00,56.88,56.8,56.65,56.78,116708
2020-04-10 23:00:00,56.7,56.71,56.16,56.58,122497
2020-04-13 00:00:00,56.55,56.96,56.51,56.61,54585
2020-04-13 01:00:00,56.53,57.37,56.66,57.02,63808
2020-04-13 02:00:00,57.12,57.65,57.19,57.47,131774
2020-04-13 03:00:00,57.29,56.99,56.46,56.65,140584
2020-04-13 04:00:00,56.74,56.78,56.42,56.67,106454
2020-04-13 05:00:00,56.75,56.82,56.11,56.49,53276
2020-04-13 06:00:00,56.58,56.55,56.18,56.49,70740
2020-04-13 07:00:00,56.61,55.94,55.86,55.88,97762
2020-04-13 08:00:00,55.82,56.05,55.63,55.63,137502
2020-04-13 09:00:00,55.76,56.41,55.96,56.13,98729
2020-04-13 10:00:00,56.24,55.56,54.95,55.1,135187
2020-04-13 11:00:00,55.05,55.4,54.89,55.32,144474
2020-04-13 12:00:00,55.44,56.43,55.94,55.96,95550
2020-04-13 13:00:00,55.77,56.79,56.28,56.77,128776
2020-04-13 14:00:00,56.76,56.28,56.14,56.21,100793
2020-04-13 15:00:00,56.11,56.26,55.72,56.05,52278
2020-04-13 16:00:00,55.81,58.01,57.57,57.72,171370
2020-04-13 17:00:00,57.68,57.66,57.16,57.36,92348
2020-04-13 18:00:00,57.34,57.84,57.51,57.62,66390
2020-04-13 19:00:00,57.76,57.45,57.2,57.34,117932
2020-04-13 20:00:00,57.27,54.98,54.76,54.79,177547
2020-04-13 21:00:00,54.83,54.15,53.61,53.87,76414
2020-04-13 22:00:00,53.85,54.08,53.66,53.69,81840
2020-04-13 23:00:00,53.74,54.54,54.16,54.36,95641
2020-04-14 00:00:00,54.34,55.17,54.57,54.7,78156
2020-04-14 01:00:00,54.87,55.28,54.83,55.01,117062
2020-04-14 02:00:00,55.07,54.92,54.73,54.85,70043
2020-04-14 03:00:00,54.94,54.59,54.41,54.43,65472
2020-04-14 04:00:00,54.4,54.61,54.49,54.61,121592
2020-04-14 05:00:00,54.69,55.16,54.65,54.88,113367
2020-04-14 06:00:00,54.83,54.6,54.17,54.33,139320
2020-04-14 07:00:00,54.38,54.38,53.78,54.16,103039
2020-04-14 08:00:00,54.31,54.42,54.02,54.14,129144
2020-04-14 09:00:00,53.95,53.95,53.7,53.78,100277
2020-04-14 10:00:00,53.74,54.1,53.79,53.89,75038
2020-04-14 11:00:00,53.96,53.78,53.57,53.59,135124
2020-04-14 12:00:00,53.76,53.73,53.38,53.48,94928
2020-04-14 13:00:00,53.41,54.11,54.0,54.06,94299
2020-04-14 14:00:00,53.88,54.45,54.16,54.21,76814
2020-04-14 15:00:00,54.26,55.19,54.72,54.81,85265
2020-04-14 16:00:00,54.85,55.24,55.15,55.15,86982
2020-04-14 17:00:00,55.16,55.71,54.81,55.01,130926
2020-04-14 18:00:00,54.92,54.68,54.35,54.66,93452
2020-04-14 19:00:00,54.49,54.83,54.17,54.77,58546
2020-04-14 20:00:00,55.03,54.34,53.44,53.96,137387
2020-04-14 21:00:00,53.84,53.48,53.14,53.25,88129
2020-04-14 22:00:00,53.22,53.7,53.31,53.55,84537
2020-04-14 23:00:00,53.64,53.2,52.73,53.06,63728
2020-04-15 00:00:00,53.14,54.01,53.81,53.82,205732
2020-04-15 01:00:00,53.96,55.81,55.48,55.78,113793
2020-04-15 02:00:00,56.15,54.52,53.99,54.17,153558
2020-04-15 03:00:00,54.19,52.0,51.28,51.88,289756
2020-04-15 04:00:00,51.84,54.52,53.98,54.03,131574
2020-04-15 05:00:00,54.07,52.53,52.49,52.52,124887
2020-04-15 06:00:00,52.51,51.2,50.76,51.18,198182
2020-04-15 07:00:00,51.28,50.11,49.63,49.81,196980
2020-04-15 08:00:00,49.67,50.01,49.88,49.89,81820
2020-04-15 09:00:00,49.96,49.57,49.18,49.47,81335
2020-04-15 10:00:00,49.5,49.82,49.52,49.72,94445
2020-04-15 11:00:00,49.73,48.97,48.67,48.78,149041
2020-04-15 12:00:00,48.77,49.04,48.69,48.84,130643
2020-04-15 13:00:00,48.79,47.71,47.54,47.67,235672
2020-04-15 14:00:00,47.47,47.32,46.94,47.09,97709
2020-04-15 15:00:00,47.16,46.53,46.43,46.49,142351
2020-04-15 16:00:00,46.57,45.46,45.08,45.21,228413
2020-04-15 17:00:00,45.14,43.8,43.73,43.76,211710
2020-04-15 18:00:00,43.85,45.73,45.62,45.72,240689
2020-04-15 19:00:00,45.66,45.5,45.03,45.37,112711
2020-04-15 20:00:00,45.37,45.98,45.78,45.93,204581
2020-04-15 21:00:00,45.98,46.63,46.22,46.47,102265
2020-04-15 22:00:00,46.37,45.59,45.47,45.57,198636
2020-04-15 23:00:00,45.44,44.25,43.58,44.0,207786
2020-04-16 00:00:00,43.95,45.01,44.71,44.88,114363
2020-04-16 01:00:00,44.74,44.91,44.84,44.88,149155
2020-04-16 02:00:00,44.88,44.76,44.46,44.51,130856
2020-04-16 03:00:00,44.49,45.06,44.53,45.0,79894
2020-04-16 04:00:00,45.06,45.48,45.33,45.37,52487
2020-04-16 05:00:00,45.4,46.11,45.71,46.03,147184
2020-04-16 06:00:00,46.04,46.17,45.95,46.03,108481
2020-04-16 07:00:00,45.95,45.66,45.6,45.64,95033
2020-04-16 08:00:00,45.64,46.96,46.35,46.41,106930
2020-04-16 09:00:00,46.43,47.07,46.68,46.88,143838
2020-04-16 10:00:00,46.9,47.39,46.77,47.31,146665
2020-04-16 11:00:00,47.32,46.87,46.63,46.85,144078
2020-04-16 12:00:00,46.85,47.33,46.91,47.12,95629
2020-04-16 13:00:00,47.16,49.64,49.25,49.46,191480
2020-04-16 14:00:00,49.36,48.82,48.53,48.78,128594
2020-04-16 15:00:00,48.93,48.94,48.67,48.76,50565
2020-04-16 16:00:00,48.83,48.58,48.04,48.22,106197
2020-04-16 17:00:00,48.26,48.11,47.91,48.08,132349
2020-04-16 18:00:00,47.91,48.05,47.45,47.77,141183
2020-04-16 19:00:00,47.86,47.0,46.76,46.96,71931
2020-04-16 20:00:00,46.83,46.19,45.96,46.18,102342
2020-04-16 21:00:00,46.0,45.8,45.1,45.64,114870
2020-04-16 22:00:00,45.56,45.73,45.37,45.71,118229
2020-04-16 23:00:00,45.69,45.85,45.67,45.78,71851
2020-04-17 00:00:00,45.84,45.63,45.42,45.54,94329
2020-04-17 01:00:00,45.43,45.78,45.56,45.59,57943
2020-04-17 02:00:00,45.69,45.72,45.65,45.72,101246
2020-04-17 03:00:00,45.7,46.33,46.3,46.33,148632
2020-04-17 04:00:00,46.26,46.72,46.47,46.6,73127
2020-04-17 05:00:00,46.51,46.64,46.05,46.58,134056
2020-04-17 06:00:00,46.68,47.06,46.38,46.63,55888
2020-04-17 07:00:00,46.67,46.21,46.05,46.21,109620
2020-04-17 08:00:00,46.07,47.37,46.59,46.9,62888
2020-04-17 09:00:00,46.83,46.98,46.27,46.74,130972
2020-04-17 10:00:00,46.71,47.34,47.03,47.29,69352
2020-04-17 11:00:00,47.36,47.3,46.82,47.07,131614
2020-04-17 12:00:00,47.0,46.91,46.38,46.44,54436
2020-04-17 13:00:00,46.52,46.17,46.03,46.06,144278
2020-04-17 14:00:00,46.13,45.35,45.12,45.2,80738
2020-04-17 15:00:00,45.32,46.53,45.95,46.42,146160
2020-04-17 16:00:00,46.53,46.21,45.52,46.01,138613
2020-04-17 17:00:00,45.94,45.64,45.27,45.5,83984
2020-04-17 18:00:00,45.45,45.19,44.9,44.95,133670
2020-04-17 19:00:00,44.99,45.47,45.06,45.2,96065
2020-04-17 20:00:00,45.19,46.11,45.47,45.74,59823
2020-04-17 21:00:00,45.85,44.3,43.72,43.78,172656
2020-04-17 22:00:00,43.92,43.72,43.62,43.64,57569
2020-04-17 23:00:00,43.83,44.11,43.64,43.99,70860
2020-04-20 00:00:00,43.95,44.79,44.36,44.72,74811
2020-04-20 01:00:00,44.62,44.7,44.51,44.64,123333
2020-04-20 02:00:00,44.74,45.34,45.16,45.28,80057
2020-04-20 03:00:00,45.29,45.4,45.27,45.31,65320
2020-04-20 04:00:00,45.35,46.04,45.12,45.35,67107
2020-04-20 05:00:00,45.41,45.72,45.38,45.45,112295
2020-04-20 06:00:00,45.36,45.37,45.27,45.29,90313
2020-04-20 07:00:00,45.14,45.19,44.77,44.81,102211
2020-04-20 08:00:00,44.87,44.26,43.91,44.13,82073
2020-04-20 09:00:00,44.2,45.12,44.33,44.76,115081
2020-04-20 10:00:00,44.83,45.09,44.57,44.58,123937
2020-04-20 11:00:00,44.6,45.31,45.11,45.24,104156
2020-04-20 12:00:00,45.17,44.52,44.03,44.52,77272
2020-04-20 13:00:00,44.47,44.74,44.4,44.73,66155
2020-04-20 14:00:00,44.59,44.72,44.52,44.69,106440
2020-04-20 15:00:00,44.71,44.41,44.16,44.3,110234
2020-04-20 16:00:00,44.26,44.57,44.14,44.49,52587
2020-04-20 17:00:00,44.53,45.39,45.05,45.35,67918
2020-04-20 18:00:00,45.37,45.12,44.82,45.08,72444
2020-04-20 19:00:00,45.02,45.51,45.06,45.43,77597
2020-04-20 20:00:00,45.36,44.59,44.1,44.24,110939
2020-04-20 21:00:00,44.31,45.03,44.56,44.72,74631
2020-04-20 22:00:00,44.58,45.76,45.11,45.49,65024
2020-04-20 23:00:00,45.6,44.5,44.26,44.44,65994
2020-04-21 00:00:00,44.49,43.88,43.79,43.82,68116
2020-04-21 01:00:00,43.75,44.18,43.89,43.99,136103
2020-04-21 02:00:00,44.02,45.16,44.65,44.68,68018
2020-04-21 03:00:00,44.72,44.6,44.23,44.55,112387
2020-04-21 04:00:00,44.44,44.39,44.14,44.3,92758
2020-04-21 05:00:00,44.3,44.71,44.47,44.48,118035
2020-04-21 06:00:00,44.31,44.23,43.81,44.02,101903
2020-04-21 07:00:00,43.91,44.41,44.3,44.36,60435
2020-04-21 08:00:00,44.52,44.2,43.71,44.09,53444
2020-04-21 09:00:00,44.2,44.58,44.11,44.43,149436
2020-04-21 10:00:00,44.25,45.16,45.0,45.01,117465
2020-04-21 11:00:00,44.99,45.75,45.18,45.53,83454
2020-04-21 12:00:00,45.61,45.68,44.97,45.36,64081
2020-04-21 13:00:00,45.32,45.39,44.94,45.24,146680
2020-04-21 14:00:00,45.36,45.3,45.01,45.25,126326
2020-04-21 15:00:00,45.15,44.3,44.03,44.1,66141
2020-04-21 16:00:00,43.97,44.59,44.02,44.23,135044
2020-04-21 17:00:00,44.27,44.87,43.87,44.43,138661
2020-04-21 18:00:00,44.39,44.25,44.07,44.2,115587
2020-04-21 19:00:00,44.11,44.22,43.83,44.03,147158
2020-04-21 20:00:00,44.03,44.07,43.91,43.99,124026
2020-04-21 21:00:00,43.94,43.79,43.35,43.63,90827
2020-04-21 22:00:00,43.7,43.4,43.25,43.36,133454
2020-04-21 23:00:00,43.34,43.26,43.14,43.22,80100
2020-04-22 00:00:00,43.21,44.16,44.01,44.13,264312
2020-04-22 01:00:00,44.07,43.43,42.93,43.35,203088
2020-04-22 02:00:00,43.4,44.28,43.93,44.15,100793
2020-04-22 03:00:00,44.35,43.8,43.44,43.56,140304
2020-04-22 04:00:00,43.68,44.37,43.87,44.12,174244
2020-04-22 05:00:00,44.19,42.87,42.72,42.82,159057
2020-04-22 06:00:00,42.7,43.55,43.14,43.36,204834
2020-04-22 07:00:00,43.33,43.62,43.41,43.53,88662
2020-04-22 08:00:00,43.48,42.87,42.62,42.8,135710
2020-04-22 09:00:00,42.73,42.07,41.82,41.94,184072
2020-04-22 10:00:00,42.06,43.05,42.68,42.92,208792
2020-04-22 11:00:00,42.87,43.33,42.98,43.06,189360
2020-04-22 12:00:00,43.04,43.08,42.41,42.89,208937
2020-04-22 13:00:00,42.92,43.2,42.41,42.77,223315
2020-04-22 14:00:00,42.76,44.02,43.62,43.9,140611
2020-04-22 15:00:00,43.81,45.17,44.66,44.88,161653
2020-04-22 16:00:00,44.79,44.32,43.92,44.03,185474
2020-04-22 17:00:00,44.14,44.21,44.07,44.2,209155
2020-04-22 18:00:00,44.24,42.45,42.17,42.17,197134
2020-04-22 19:00:00,42.07,40.84,40.4,40.6,169690
2020-04-22 20:00:00,40.66,39.37,39.12,39.27,171745
2020-04-22 21:00:00,39.23,39.04,38.91,38.97,184683
2020-04-22 22:00:00,38.96,39.17,39.1,39.17,190915
2020-04-22 23:00:00,39.02,38.98,38.59,38.6,188909
2020-04-23 00:00:00,38.62,39.12,39.01,39.04,83561
2020-04-23 01:00:00,39.01,38.96,38.86,38.88,76703
2020-04-23 02:00:00,39.0,38.79,38.44,38.66,109644
2020-04-23 03:00:00,38.65,39.76,39.5,39.68,100329
2020-04-23 04:00:00,39.77,39.9,39.4,39.64,114253
2020-04-23 05:00:00,39.65,39.49,39.04,39.32,135548
2020-04-23 06:00:00,39.28,39.34,39.27,39.27,52110
2020-04-23 07:00:00,39.24,39.5,39.4,39.43,93381
2020-04-23 08:00:00,39.43,39.66,39.44,39.48,56327
2020-04-23 09:00:00,39.42,39.98,39.87,39.96,65110
2020-04-23 10:00:00,40.09,40.42,40.34,40.37,93800
2020-04-23 11:00:00,40.39,39.54,39.26,39.35,87198
2020-04-23 12:00:00,39.46,39.65,39.46,39.58,123734
2020-04-23 13:00:00,39.6,39.37,39.02,39.12,90025
2020-04-23 14:00:00,39.14,39.35,39.19,39.24,90322
2020-04-23 15:00:00,39.32,39.07,38.77,38.94,81763
2020-04-23 16:00:00,39.0,39.46,39.21,39.3,77981
2020-04-23 17:00:00,39.24,39.46,39.13,39.39,87579
2020-04-23 18:00:00,39.19,39.65,39.48,39.55,145733
2020-04-23 19:00:00,39.5,39.28,38.74,39.02,58943
2020-04-23 20:00:00,38.84,38.39,37.97,38.27,94729
2020-04-23 21:00:00,38.35,38.39,38.11,38.35,126540
2020-04-23 22:00:00,38.45,38.32,38.12,38.15,106549
2020-04-23 23:00:00,38.07,38.67,38.51,38.56,67731
2020-04-24 00:00:00,38.49,39.56,39.14,39.44,179409
2020-04-24 01:00:00,39.36,39.36,39.11,39.25,119591
2020-04-24 02:00:00,39.21,38.61,38.14,38.32,139104
2020-04-24 03:00:00,38.22,37.31,36.65,37.13,147684
2020-04-24 04:00:00,37.08,37.39,37.26,37.28,143940
2020-04-24 05:00:00,37.28,37.86,37.51,37.57,123712
2020-04-24 06:00:00,37.56,37.63,37.26,37.4,131271
2020-04-24 07:00:00,37.46,37.78,37.67,37.72,120074
2020-04-24 08:00:00,37.7,37.16,36.8,37.1,122957
2020-04-24 09:00:00,37.05,36.0,35.56,35.79,192810
2020-04-24 10:00:00,35.79,36.37,36.24,36.31,71105
2020-04-24 11:00:00,36.21,37.51,36.9,37.14,170845
2020-04-24 12:00:00,37.13,37.77,37.49,37.65,116019
2020-04-24 13:00:00,37.65,37.44,37.35,37.37,81001
2020-04-24 14:00:00,37.25,37.69,37.5,37.59,108036
2020-04-24 15:00:00,37.58,37.49,37.11,37.33,104973
2020-04-24 16:00:00,37.41,37.41,37.1,37.24,70075
2020-04-24 17:00:00,37.16,36.99,36.74,36.86,123647
2020-04-24 18:00:00,36.79,36.85,36.72,36.72,98755
2020-04-24 19:00:00,36.71,36.23,36.01,36.19,56884
2020-04-24 20:00:00,36.11,36.44,36.21,36.28,74891
2020-04-24 21:00:00,36.23,36.41,36.28,36.39,129045
2020-04-24 22:00:00,36.39,36.05,35.93,35.98,97664
2020-04-24 23:00:00,36.13,36.97,36.54,36.91,120139
2020-04-27 00:00:00,37.02,36.66,36.43,36.6,84731
2020-04-27 01:00:00,36.59,37.04,36.95,37.04,71748
2020-04-27 02:00:00,36.95,37.01,36.73,36.99,81033
2020-04-27 03:00:00,37.07,36.52,36.2,36.35,92496
2020-04-27 04:00:00,36.31,36.4,36.15,36.27,131773
2020-04-27 05:00:00,36.23,36.83,36.63,36.71,134798
2020-04-27 06:00:00,36.71,36.98,36.89,36.97,50710
2020-04-27 07:00:00,36.84,37.52,37.19,37.42,64437
